"Locale","ASIN","Product Codes: EAN","Image","Title","Brand","Buy Box 🚚: Current","Buy Box 🚚: 90 days avg.","Sales Rank: 90 days avg.","Sales Rank: 90 days drop %","Bought in past month","Buy Box 🚚: 90 days OOS","Buy Box: Is FBA","Buy Box Seller","Sales Rank: 30 days avg.","Buy Box 🚚: 30 days avg.","Buy Box 🚚: 180 days avg.","Buy Box 🚚: 1 day drop %","Buy Box 🚚: 7 days drop %","Buy Box 🚚: 30 days drop %","Buy Box 🚚: 90 days drop %","Buy Box 🚚: Price drop since last visit","Buy Box 🚚: Drop % since last visit","Buy Box 🚚: Last visit","Buy Box 🚚: Lowest","Buy Box 🚚: Is Lowest","Buy Box 🚚: Is Lowest 90 days","Buy Box 🚚: Highest","Buy Box 🚚: Stock","Buy Box 🚚: Availability of the Buy Box","Amazon: Current","Amazon: 90 days avg.","Buy Box: % Amazon 90 days","Amazon: 90 days OOS","Amazon: 30 days avg.","Amazon: 180 days avg.","Amazon: 1 day drop %","Amazon: 7 days drop %","Amazon: 30 days drop %","Amazon: 90 days drop %","Amazon: Price drop since last visit","Amazon: Drop % since last visit","Amazon: Last visit","Amazon: Lowest","Amazon: Is Lowest","Amazon: Is Lowest 90 days","Amazon: Highest","Amazon: Stock","Amazon: OOS Count 30 days","Amazon: OOS Count 90 days","Amazon: Availability of the Amazon offer","Amazon: Amazon offer shipping delay","Buy Box: % Top Seller 90 days","Buy Box: % Amazon 30 days","Buy Box: Winner Count 90 days","Count of retrieved live offers: New, FBA","Count of retrieved live offers: New, FBM","Buy Box: % Amazon 180 days","Buy Box: % Amazon 365 days","Buy Box: % Top Seller 30 days","Buy Box: % Top Seller 180 days","Buy Box: % Top Seller 365 days","Buy Box: Winner Count 30 days","Buy Box: Winner Count 180 days","Buy Box: Winner Count 365 days","New: Current","New: 30 days avg.","New: 90 days avg.","New: 180 days avg.","New: 1 day drop %","New: 7 days drop %","New: 30 days drop %","New: 90 days drop %","New: Price drop since last visit","New: Drop % since last visit","New: Last visit","New: Lowest","New: Is Lowest","New: Is Lowest 90 days","New: Highest","New: 90 days OOS","FBA Pick&Pack Fee","Referral Fee %","Referral Fee based on current Buy Box price","Categories: Root","Categories: Sub","Categories: Tree","Categories: Launchpad","Product Codes: PartNumber","Item: Dimension (cm³)","Item: Weight (g)","Is HazMat"
"it","B07B65CCJB","3614271992932","https://m.media-amazon.com/images/I/61DyBB45+IL.jpg;https://m.media-amazon.com/images/I/71W4kn3Jv-L.jpg;https://m.media-amazon.com/images/I/41T6YaKGwmL.jpg;https://m.media-amazon.com/images/I/41hJfGvy7uL.jpg;https://m.media-amazon.com/images/I/31CDGkBLdlL.jpg;https://m.media-amazon.com/images/I/41mvENsTCkL.jpg","Acqua di Gi√≤ Absolu","GIORGIO ARMANI","","","85459","3 %","","100 %","no","","81567","","€ 121.60","","","","","","","","€ 85.99","no","no","€ 166.50","","","","","-","100 %","","","","","","","","","","€ 83.07","no","no","€ 150.99","","1","1","no Amazon offer exists","","-","-","","","","-","5 %","-","28 %","27 %","","2","9","","€ 166.53","€ 163.76","€ 147.60","","","","","","","","€ 76.17","no","no","€ 183.59","4 %","€ 4.23","15.45 %","-","Bellezza","Eau de Parfum, Eau de Toilette disponibili","Bellezza › Fragranze e profumi › Uomo › Eau de Parfum","no","3614271992932","48","119","yes"
"it","B00T9VZMWW","3145891073706, 0751125331875, 7432531775769, 8904135205656, 5054249384501","https://m.media-amazon.com/images/I/41ewlGMNlZL.jpg;https://m.media-amazon.com/images/I/51zAw2kr96L.jpg;https://m.media-amazon.com/images/I/71zCuccHCFL.jpg;https://m.media-amazon.com/images/I/51I9rVP4CeL.jpg","CHANEL - BLEU DE CHANEL, Eau de Parfum Spray per gli uomini, 150 ml","Chanel","€ 193.00","€ 161.37","28654","-13 %","","75 %","no","3rd Party (ATOGCWC1WP4O6)","31581","€ 193.00","€ 164.15","0 %","0 %","0 %","-20 %","","","","€ 94.50","no","no","€ 202.36","1","Disponibilità immediata","","","-","100 %","","","","","","","","","","€ 94.50","no","no","€ 190.32","","1","1","no Amazon offer exists","","20 %","-","4","0","6","-","-","1 %","10 %","5 %","1","6","9","€ 183.00","€ 183.00","€ 176.91","€ 178.77","0 %","0 %","0 %","-3 %","€ 0.00","0 %","€ 183.00","€ 70.50","no","no","€ 198.00","0 %","€ 4.23","15.45 %","€ 29.82","Bellezza","Eau de Parfum","Bellezza › Fragranze e profumi › Uomo › Eau de Parfum","no","P-3O-303-B6","838","142","yes"
"it","B001VMM3NS","0747930009788, 0710069473898","https://m.media-amazon.com/images/I/51cOrRA6NnL.jpg;https://m.media-amazon.com/images/I/31b77tPZA+L.jpg;https://m.media-amazon.com/images/I/41ly7jJU+1L.jpg;https://m.media-amazon.com/images/I/21xonkViwHL.jpg","The Body Cr√®me","La Mer","€ 239.43","€ 235.15","125372","-17 %","","1 %","yes","Amazon","110085","€ 239.16","€ 233.77","0 %","1 %","0 %","-2 %","€ 0.00","0 %","€ 239.43","€ 185.86","no","no","€ 366.00","","Disponibilità immediata","€ 239.43","€ 237.47","32 %","41 %","€ 241.73","€ 237.46","0 %","1 %","1 %","-1 %","€ 0.00","0 %","€ 239.43","€ 185.86","no","no","€ 304.07","","0","2","Amazon offer is in stock and shippable","","38 %","79 %","3","","","35 %","21 %","79 %","35 %","41 %","2","3","5","€ 239.43","€ 238.87","€ 230.90","€ 237.68","0 %","1 %","0 %","-4 %","€ 0.00","0 %","€ 239.43","€ 185.86","no","no","€ 391.67","0 %","€ 6.37","15.45 %","€ 36.99","Bellezza","Creme per il corpo","Bellezza › Cura della pelle › Corpo › Idratanti › Creme per il corpo","no","U-SC-3222","1179","20","no"
"it","B002XIU1TM","3145891124408, 8447186116453, 8447186226459, 8447187174858, 8447188187437, 8447188515643, 8447190156483, 8447191316459, 8447191440420, 8447191766421, 8447215116454, 8447215332410, 8447215548484","https://m.media-amazon.com/images/I/41CTcUZ0nzL.jpg;https://m.media-amazon.com/images/I/41CTcUZ0nzL.jpg;https://m.media-amazon.com/images/I/41Jrx1PqG8L.jpg;https://m.media-amazon.com/images/I/41V0OqhSyJL.jpg","Chanel Allure Eau de Parfum, 35 ml","Chanel","€ 100.75","€ 100.13","66193","17 %","","1 %","no","3rd Party (A3CYRQE5KQP4CW)","58867","€ 100.55","€ 99.47","0 %","0 %","0 %","-1 %","€ 0.00","0 %","€ 100.75","€ 57.55","no","no","€ 116.00","1","Disponibilità immediata","","€ 97.86","-","54 %","€ 103.89","€ 95.71","","","","","","","","€ 37.81","no","no","€ 107.90","","4","4","no Amazon offer exists","","62 %","-","4","0","3","-","4 %","75 %","57 %","41 %","4","5","8","€ 92.00","€ 91.88","€ 90.59","€ 90.31","0 %","0 %","0 %","-2 %","€ 0.00","0 %","€ 92.00","€ 37.81","no","no","€ 125.00","0 %","€ 4.00","15.45 %","€ 15.57","Bellezza","Eau de Parfum","Bellezza › Fragranze e profumi › Donna › Eau de Parfum","no","112440","1969","35","yes"
"it","B0042KFHDY","8447191442172, 4548875149425, 8447191318200, 3145891074505, 0110300802058, 8447190158234, 0187694565708","https://m.media-amazon.com/images/I/41ewlGMNlZL.jpg;https://m.media-amazon.com/images/I/41us+AxEPqL.jpg;https://m.media-amazon.com/images/I/31TKDtVGp7L.jpg","Chanel, Eau de Toilette con vaporizzatore Bleu De Chanel, 50 ml","Chanel","€ 114.90","€ 107.11","29250","64 %","","19 %","no","3rd Party (A2JXVDP4468930)","27443","€ 110.00","€ 105.33","-3 %","-3 %","-4 %","-7 %","€ 0.00","0 %","€ 114.90","€ 40.84","no","no","€ 129.06","1","Disponibilità immediata","","€ 57.00","-","95 %","","€ 57.00","","","","","","","","€ 40.47","no","no","€ 103.00","","1","2","no Amazon offer exists","","32 %","-","8","0","3","-","-","48 %","41 %","23 %","5","10","13","€ 109.00","€ 108.02","€ 101.27","€ 96.73","0 %","0 %","-1 %","-8 %","€ 0.00","0 %","€ 109.00","€ 30.90","no","no","€ 166.76","0 %","€ 4.00","15.45 %","€ 17.75","Bellezza","Eau de Toilette, Eau de Toilette, Eau non disponibili","Bellezza › Fragranze e profumi › Donna › Eau de Toilette","no","CHANEL-074505","7707","","yes"
"it","B0000DGSG0","4009839173622","https://m.media-amazon.com/images/I/616FH70hGfL.jpg;https://m.media-amazon.com/images/I/A19Ag84uS9L.jpg;https://m.media-amazon.com/images/I/A1gAbhNJ+CL.jpg;https://m.media-amazon.com/images/I/71d9qj6I2VL.jpg","ZWILLING Coltello Santoku, Acciaio Inossidabile, Nero, 18 cm","ZWILLING","€ 62.42","€ 62.90","283641","5 %","","2 %","yes","3rd Party (AG6SUVQJP8CQJ)","235013","€ 62.52","€ 64.12","0 %","0 %","0 %","1 %","€ 0.00","0 %","€ 62.42","€ 61.56","no","yes","€ 77.24","8","Disponibilità immediata","","€ 62.97","20 %","55 %","€ 62.93","€ 64.43","","","","","","","","€ 61.56","no","no","€ 84.96","","1","5","no Amazon offer exists","","67 %","27 %","3","1","10","31 %","54 %","69 %","41 %","54 %","2","4","5","€ 62.42","€ 62.42","€ 62.78","€ 63.89","0 %","0 %","0 %","1 %","€ 0.00","0 %","€ 62.42","€ 57.00","no","yes","€ 70.00","0 %","€ 5.78","15.44 %","€ 9.64","Casa e cucina","Coltelli Santoku, Negozio di Cucina Premium, Sconto 20% su prodotti Ballarini, Offerte d'autunno in Casa e cucina","Casa e cucina › Utensili da cucina › Coltelli da cucina › Coltelli asiatici › Coltelli Santoku","no","1006850","60","249","no"
"it","B0CZ7BLNRR","3614274162998","https://m.media-amazon.com/images/I/513+zc9zFRL.jpg","Valentino Donna Born in Roma Eau de Parfum Gift Set 3.4 Fl Oz Spray 1.7 Fl Oz Body Lotion 0.5 Fl Oz Spray","Valentino","","","","","","-","no","","","","","","","","","","","","","no","no","","","","","","-","100 %","","","","","","","","","","","no","no","","","1","1","no Amazon offer exists","","-","-","","","","-","-","-","-","-","","","","","","","","","","","","","","","","no","no","","100 %","€ 5.69","15.45 %","-","Bellezza","Eau de Parfum","Bellezza › Fragranze e profumi › Donna › Eau de Parfum","no","QOG24-Val-62998","","","yes"
"it","B00QA9HJDQ","0783320845536, 0783320411687","https://m.media-amazon.com/images/I/61bz0oGjxVL.jpg;https://m.media-amazon.com/images/I/61gRvFuEegL.jpg;https://m.media-amazon.com/images/I/51+WdbST5IL.jpg;https://m.media-amazon.com/images/I/21WBnwNeXML.jpg","Bvlgari Petit et Mamans Lozione per il Corpo - 200ml","BVLGARI","€ 50.39","€ 44.58","56631","44 %","","45 %","no","3rd Party (A26M3ZI49MPCHM)","63395","€ 48.05","€ 43.88","-1 %","-3 %","-5 %","-13 %","€ 0.00","0 %","€ 50.39","€ 13.49","no","no","€ 55.05","5","Generalmente  spedito entro 2-3 giorni","","","-","100 %","","","","","","","","","","€ 13.49","no","no","€ 37.49","","1","1","no Amazon offer exists","","30 %","-","3","0","1","-","-","31 %","16 %","16 %","2","6","6","€ 47.40","€ 43.22","€ 43.28","€ 43.26","0 %","-3 %","-10 %","-10 %","€ 0.00","0 %","€ 47.40","€ 13.49","no","no","€ 55.05","0 %","€ 4.13","15.46 %","€ 7.79","Bellezza","Lozioni e balsami per il corpo","Bellezza › Cura della pelle › Corpo › Idratanti › Lozioni e balsami per il corpo","no","0783320845536","810","200","no"
"it","B08JQCZDM4","3145891162608","https://m.media-amazon.com/images/I/61vHzMtTJ3L.jpg;https://m.media-amazon.com/images/I/61qMUbGt4yL.jpg;https://m.media-amazon.com/images/I/51YdSqPs9yL.jpg;https://m.media-amazon.com/images/I/81OYHtNagtL.jpg;https://m.media-amazon.com/images/I/61UmYo9FFlL.jpg;https://m.media-amazon.com/images/I/61u7BiHmf7L.jpg;https://m.media-amazon.com/images/I/71MBYnHKElL.jpg;https://m.media-amazon.com/images/I/51j0eB4V4YL.jpg","Coco Mademoiselle L¬¥Eau Priv√©e","Chanel","€ 165.00","€ 168.26","60478","41 %","","26 %","yes","3rd Party (A2V9MANIN13E4V)","57722","€ 172.02","€ 164.10","0 %","2 %","4 %","2 %","€ 0.00","0 %","€ 165.00","€ 113.30","no","no","€ 199.40","1","Disponibilità immediata","","€ 168.40","6 %","73 %","€ 172.65","€ 168.40","","","","","","","","€ 126.98","no","no","€ 183.08","","8","11","no Amazon offer exists","","32 %","16 %","7","1","3","3 %","2 %","51 %","25 %","17 %","4","7","9","€ 165.00","€ 169.58","€ 179.60","€ 172.09","0 %","0 %","3 %","8 %","€ 0.00","0 %","€ 165.00","€ 120.00","no","no","€ 250.82","0 %","€ 4.00","15.45 %","€ 25.49","Bellezza","Eau de Toilette","Bellezza › Fragranze e profumi › Donna › Eau de Toilette","no","CNLNCW076","894","100","yes"
"it","B004R6HORK","3145891254075","https://m.media-amazon.com/images/I/51QNFtbo8jL.jpg;https://m.media-amazon.com/images/I/71R7Ntlk5tL.jpg","Chanel No. 5, Eau de Parfum da donna, 3 pz. X 20 ml","Chanel","","€ 152.00","84070","38 %","","82 %","no","","75716","€ 152.00","€ 152.00","","","","","","","","€ 92.59","no","no","€ 165.40","","","","","-","100 %","","","","","","","","","","€ 92.59","no","no","€ 114.15","","1","1","no Amazon offer exists","","18 %","-","1","0","3","-","-","11 %","9 %","4 %","1","1","2","€ 163.30","€ 160.54","€ 160.67","€ 158.44","0 %","-1 %","-2 %","-2 %","€ 0.00","0 %","€ 163.30","€ 92.59","no","no","€ 172.00","0 %","€ 4.00","15.45 %","-","Bellezza","Eau de Parfum","Bellezza › Fragranze e profumi › Donna › Eau de Parfum","no","P-XA-040-03","500","60","yes"
"it","B00008S0TA","4009839037009","https://m.media-amazon.com/images/I/51dak5kwFkL.jpg;https://m.media-amazon.com/images/I/91k2US5cNaL.jpg;https://m.media-amazon.com/images/I/81c-FjCp0gL.jpg;https://m.media-amazon.com/images/I/81FH-nbb9xL.jpg;https://m.media-amazon.com/images/I/71yVNANHRIL.jpg","Zwilling Vier Sterne Coltello Universale, Acciaio Inossidabile, Nero, 13 cm","ZWILLING","€ 44.37","€ 41.68","675693","-2 %","","2 %","yes","Amazon","685289","€ 42.77","€ 43.17","3 %","4 %","-4 %","-6 %","€ 0.00","0 %","€ 44.37","€ 26.63","no","no","€ 57.06","1000","Generalmente  spedito entro 3-4 giorni","€ 44.37","€ 42.35","47 %","1 %","€ 43.82","€ 43.72","6 %","6 %","-1 %","-5 %","€ 0.00","0 %","€ 44.37","€ 25.00","no","no","€ 51.95","1000","0","1","Amazon offer is in stock and shippable","","47 %","45 %","3","2","3","56 %","74 %","45 %","56 %","74 %","3","3","4","€ 31.73","€ 37.81","€ 39.26","€ 39.96","0 %","0 %","16 %","19 %","€ 0.00","0 %","€ 31.73","€ 25.00","no","yes","€ 58.73","1 %","€ 5.08","15.45 %","€ 6.86","Casa e cucina","Coltelli per lardellare, Negozio di Cucina Premium","Casa e cucina › Utensili da cucina › Coltelli da cucina › Coltelli per lardellare","no","1006829","50","142","no"
"it","B000ZIRK6Y","6909110373643, 3145891375008, 0887456651020, 0192177900709, 6909121877741, 0882168064304, 6909120536441, 0883782090021, 0044440802091, 0885198147474","https://m.media-amazon.com/images/I/41aX6DsMQZL.jpg;https://m.media-amazon.com/images/I/51RPpqYcuKL.jpg","Chanel 15342 Specchio","Chanel","","€ 50.83","367794","-32 %","","31 %","no","","324510","€ 49.97","€ 55.86","","","","","","","","€ 30.60","no","no","€ 69.99","","","","€ 50.56","6 %","93 %","€ 50.02","€ 50.59","","","","","","","","€ 30.60","no","no","€ 60.02","","3","5","no Amazon offer exists","","33 %","18 %","4","","","3 %","9 %","18 %","30 %","23 %","2","4","4","","€ 68.25","€ 53.42","€ 57.53","","","","","","","","€ 26.32","no","no","€ 89.99","14 %","€ 3.24","15.45 %","-","Casa e cucina","Specchi da tavolo","Casa e cucina › Bagno › Accessori per il bagno › Specchi › Specchi da tavolo","no","137500","","30","no"
"it","B06X9DCQSR","3145891073003","https://m.media-amazon.com/images/I/51lcsl0PhEL.jpg;https://m.media-amazon.com/images/I/51M9R6lS2gL.jpg;https://m.media-amazon.com/images/I/51fIsht2NjL.jpg","Chanel Bleu Edp Vapo Voyage Refill, 60 ml","Chanel","€ 139.00","€ 135.04","28351","-9 %","","4 %","no","3rd Party (ATOGCWC1WP4O6)","31032","€ 118.47","€ 135.08","0 %","-6 %","-17 %","-3 %","€ 0.00","0 %","€ 139.00","€ 54.38","no","no","€ 148.32","1","Disponibilità immediata","€ 102.62","€ 128.06","59 %","30 %","€ 110.94","€ 129.24","0 %","0 %","7 %","20 %","€ 0.00","0 %","€ 102.62","€ 54.38","no","yes","€ 152.29","","0","1","Amazon offer is back-ordered","","59 %","75 %","5","1","3","29 %","14 %","75 %","29 %","41 %","2","7","8","€ 102.62","€ 109.00","€ 126.92","€ 126.28","0 %","0 %","6 %","19 %","€ 0.00","0 %","€ 102.62","€ 54.38","no","yes","€ 153.01","0 %","€ 4.00","15.45 %","€ 21.48","Bellezza","Eau de Parfum","Bellezza › Fragranze e profumi › Donna › Eau de Parfum","no","3145891073003","600","60","yes"
"it","B08NH28YVD","0888066107914","https://m.media-amazon.com/images/I/71TkiS3F1TL.jpg;https://m.media-amazon.com/images/I/71A3x5bBd1L.jpg;https://m.media-amazon.com/images/I/71CqaWYZ7pL.jpg;https://m.media-amazon.com/images/I/71KdhuuMhSL.jpg","Tom Ford Eau De Parfum Lost Cherry Unisex, 30 ml","Tom Ford","","€ 183.60","76841","-16 %","","95 %","no","","64110","€ 207.56","€ 188.34","","","","","","","€ 208.95","€ 111.67","no","no","€ 257.75","","","€ 208.95","€ 205.89","2 %","96 %","€ 205.89","€ 205.89","0 %","-1 %","-1 %","-1 %","€ 0.00","0 %","€ 208.95","€ 111.67","no","no","€ 257.75","","1","1","Amazon offer is back-ordered","","3 %","7 %","2","1","3","1 %","17 %","7 %","7 %","17 %","1","4","7","€ 200.63","€ 196.21","€ 194.72","€ 197.83","0 %","0 %","-2 %","-3 %","€ 0.00","0 %","€ 200.63","€ 111.67","no","no","€ 243.97","0 %","€ 4.23","15.45 %","-","Bellezza","Eau de Parfum","Bellezza › Fragranze e profumi › Donna › Eau de Parfum","no","8003335","","96","yes"
"it","B00IQS4QGW","0888066020718","https://m.media-amazon.com/images/I/71aAuR4F7dL.jpg;https://m.media-amazon.com/images/I/61W20-sEkEL.jpg","Tom Ford Neroli Portofino All Over Body 150 ml","Tom Ford","€ 60.00","€ 75.32","85072","59 %","","48 %","yes","Amazon","61955","€ 76.22","€ 69.89","0 %","12 %","21 %","20 %","€ 0.00","0 %","€ 60.00","€ 44.20","no","yes","€ 79.46","3","Disponibilità immediata","€ 60.00","€ 60.00","8 %","93 %","€ 60.00","€ 60.00","0 %","0 %","0 %","0 %","€ 0.00","0 %","€ 60.00","€ 44.20","no","yes","€ 66.99","3","1","2","Amazon offer is in stock and shippable","","28 %","15 %","3","1","2","21 %","28 %","78 %","21 %","28 %","3","4","4","€ 60.00","€ 72.86","€ 94.41","€ 82.33","0 %","10 %","18 %","36 %","€ 0.00","0 %","€ 60.00","€ 44.20","no","yes","€ 129.99","4 %","€ 4.54","15.45 %","€ 9.27","Bellezza","Eau de Toilette","Bellezza › Fragranze e profumi › Uomo › Eau de Toilette","no","0888066020718","1","142","yes"
"it","B09YLKSYMC","0888066136778","https://m.media-amazon.com/images/I/71tJneJlKQL.jpg;https://m.media-amazon.com/images/I/71X4kOJ22+L.jpg;https://m.media-amazon.com/images/I/71F71VjLvKL.jpg;https://m.media-amazon.com/images/I/71Yt6NpPGLL.jpg;https://m.media-amazon.com/images/I/41ZgHhAPIPL.jpg","Tom Ford Costa Azzurra Parfum spray 50 ml","Tom Ford","€ 150.93","€ 150.31","103376","-69 %","","1 %","no","3rd Party (A2IC1AAFRI354X)","121235","€ 150.78","€ 150.64","0 %","0 %","0 %","0 %","€ 0.00","0 %","€ 150.93","€ 120.17","no","no","€ 158.84","1","Disponibilità immediata","","","-","100 %","","","","","","","","","","€ 120.17","no","no","€ 145.00","","1","1","no Amazon offer exists","","67 %","-","3","0","3","-","23 %","79 %","60 %","30 %","3","6","8","€ 150.93","€ 151.05","€ 150.40","€ 152.01","0 %","0 %","0 %","0 %","€ 0.00","0 %","€ 150.93","€ 117.80","no","no","€ 165.30","0 %","€ 4.54","15.45 %","€ 23.32","Bellezza","Eau de Parfum","Bellezza › Fragranze e profumi › Donna › Eau de Parfum","no","0888066136778","734","50","yes"
"it","B07QX6J6X2","3145891588309","https://m.media-amazon.com/images/I/511IH02S7WL.jpg;https://m.media-amazon.com/images/I/61Z+e-IIrtL.jpg;https://m.media-amazon.com/images/I/61G48wSDicL.jpg;https://m.media-amazon.com/images/I/41Ny8ilphlL.jpg","Les Beiges Eau De Teint Medium 30 Ml","Chanel","€ 73.00","€ 73.62","140806","15 %","","34 %","yes","Amazon","139662","€ 73.83","€ 74.04","0 %","2 %","1 %","1 %","€ 0.00","0 %","€ 73.00","€ 60.00","no","yes","€ 89.54","","Generalmente  spedito entro 6-7 mesi","€ 73.00","€ 73.45","65 %","35 %","€ 73.83","€ 73.32","0 %","2 %","1 %","1 %","€ 0.00","0 %","€ 73.00","€ 60.35","no","yes","€ 82.27","","2","7","Amazon offer is back-ordered","","65 %","85 %","2","1","1","45 %","24 %","85 %","45 %","24 %","1","4","5","€ 72.50","€ 76.94","€ 78.71","€ 85.53","0 %","0 %","6 %","8 %","€ 0.00","0 %","€ 72.50","€ 60.00","no","no","€ 137.85","1 %","€ 3.90","15.45 %","€ 11.28","Bellezza","Fondotinta","Bellezza › Trucco › Viso › Fondotinta","no","3145891588309","2744","28","no"
"it","B07M7WT1J9","2724313555610, 3145891074802","https://m.media-amazon.com/images/I/41ewlGMNlZL.jpg;https://m.media-amazon.com/images/I/31euGcJocBL.jpg","Chanel Bleu Edt Vapo - 150 Ml","Chanel","","€ 162.00","154852","-20 %","","51 %","no","","169560","","€ 163.98","","","","","","","","€ 115.83","no","no","€ 174.00","","","","","-","100 %","","","","","","","","","","€ 126.00","no","no","€ 146.54","","1","1","no Amazon offer exists","","49 %","-","1","0","1","-","-","-","25 %","33 %","","3","4","€ 200.00","€ 181.72","€ 171.35","€ 167.81","0 %","-4 %","-10 %","-17 %","€ 0.00","0 %","€ 200.00","€ 115.83","no","no","€ 200.00","0 %","€ 5.07","15.45 %","-","Bellezza","Eau de Toilette","Bellezza › Fragranze e profumi › Donna › Eau de Toilette","no","11500-107480","48","141","yes"
"it","B00733JVKW","0005085780205, 3145891238006","https://m.media-amazon.com/images/I/71raGulOcrL.jpg","Allure Homme Sport by Chanel Eau de Toilette Spray ricaricabile 3 x 20 ml","Chanel","","","326944","-3 %","","100 %","no","","333514","","","","","","","","","","€ 82.87","no","no","€ 152.94","","","","","-","100 %","","","","","","","","","","","no","no","","","1","1","no Amazon offer exists","","-","-","","","","-","-","-","-","13 %","","","1","","","","","","","","","","","","€ 76.41","no","no","€ 213.23","100 %","€ 4.23","15.45 %","-","Bellezza","Eau de Toilette","Bellezza › Fragranze e profumi › Uomo › Eau de Toilette","no","50869","1153","17","yes"
"it","B01M4LTIP3","3145891415605","https://m.media-amazon.com/images/I/61p4pPmVAML.jpg;https://m.media-amazon.com/images/I/51steitoA9L.jpg;https://m.media-amazon.com/images/I/61cxAKRqGLL.jpg","Chanel le lift crema reparadora huile reparación cream-oil 50ml.","Chanel","€ 152.98","€ 152.68","129944","7 %","","52 %","yes","Amazon","126505","€ 152.65","€ 137.14","0 %","-1 %","0 %","0 %","€ 0.00","0 %","€ 152.98","€ 85.85","no","no","€ 157.11","2","Disponibilità immediata","€ 152.98","€ 152.69","28 %","71 %","€ 152.69","€ 132.18","0 %","-1 %","0 %","0 %","€ 0.00","0 %","€ 152.98","€ 85.85","no","no","€ 155.54","2","2","2","Amazon offer is in stock and shippable","","28 %","83 %","3","1","3","32 %","64 %","83 %","32 %","64 %","3","3","4","€ 147.00","€ 146.72","€ 148.98","€ 140.07","0 %","-1 %","0 %","1 %","€ 0.00","0 %","€ 147.00","€ 80.39","no","no","€ 170.99","0 %","€ 3.90","15.45 %","€ 23.64","Bellezza","Creme","Bellezza › Cura della pelle › Viso › Idratanti › Trattamenti giorno › Creme","no","3145891415605","782","","no"
"it","B08R3WRVY1","3145891057287","https://m.media-amazon.com/images/I/51KwYsZE9lL.jpg;https://m.media-amazon.com/images/I/31974SejL2L.jpg","Nº 5 La Crème Corps 150 Gr","Chanel","€ 97.02","€ 95.86","100092","-28 %","","5 %","no","3rd Party (A1I6IDB2AL6EN0)","98662","€ 97.65","€ 93.44","0 %","0 %","1 %","-1 %","€ 0.00","0 %","€ 97.02","€ 77.62","no","no","€ 145.00","4","Disponibilità immediata","","€ 82.00","6 %","92 %","","€ 82.00","","","","","","","","€ 77.62","no","no","€ 82.00","","1","2","no Amazon offer exists","","50 %","-","3","0","7","22 %","23 %","85 %","35 %","23 %","2","4","5","€ 97.02","€ 97.63","€ 95.80","€ 95.55","0 %","0 %","1 %","-1 %","€ 0.00","0 %","€ 97.02","€ 77.62","no","no","€ 189.99","0 %","€ 4.97","15.45 %","€ 14.99","Bellezza","Creme per il corpo","Bellezza › Cura della pelle › Corpo › Idratanti › Creme per il corpo","no","3145891057287","527","150","no"
"it","B07XKV55JJ","3145891208702","https://m.media-amazon.com/images/I/41mq6-S9bQL.jpg;https://m.media-amazon.com/images/I/41WO0PQ-CKL.jpg;https://m.media-amazon.com/images/I/415eX3DerDL.jpg","Gabrielle","Chanel","€ 60.00","€ 80.81","101602","-19 %","","0 %","yes","Amazon","109915","€ 68.86","€ 82.61","0 %","0 %","13 %","26 %","€ 0.00","0 %","€ 60.00","€ 53.00","no","yes","€ 98.39","","Generalmente  spedito entro 6-7 mesi","€ 60.00","€ 60.00","29 %","36 %","€ 60.00","€ 60.00","0 %","0 %","0 %","0 %","€ 0.00","0 %","€ 60.00","€ 57.68","no","yes","€ 85.70","","1","2","Amazon offer is back-ordered","","39 %","72 %","5","2","3","16 %","17 %","72 %","46 %","39 %","4","7","12","€ 60.00","€ 60.00","€ 66.01","€ 74.94","0 %","0 %","0 %","9 %","€ 0.00","0 %","€ 60.00","€ 53.00","no","yes","€ 117.13","0 %","€ 4.00","15.45 %","€ 9.27","Bellezza","Eau de Parfum","Bellezza › Fragranze e profumi › Donna › Eau de Parfum","no","8009403","894","100","yes"
"it","B006BUU74M","3145891055719","https://m.media-amazon.com/images/I/519yEQIzotL.jpg;https://m.media-amazon.com/images/I/41WssLCfmXL.jpg","Chanel No. 5 riempire la tasca EdT spray 3 x 20 ml","Chanel","","€ 122.66","132678","-11 %","","13 %","no","","134348","€ 123.22","€ 121.70","","","","","","","","€ 76.74","no","no","€ 173.70","","","","","-","100 %","","","","","","","","","","€ 64.26","no","no","€ 114.35","","1","1","no Amazon offer exists","","60 %","-","4","0","1","-","-","75 %","34 %","28 %","3","4","4","€ 141.97","€ 120.82","€ 120.34","€ 136.04","-18 %","-20 %","-18 %","-18 %","€ 19.24","12 %","€ 161.21","€ 63.71","no","no","€ 255.50","0 %","€ 3.47","15.45 %","-","Bellezza","Eau de Toilette","Bellezza › Fragranze e profumi › Donna › Eau de Toilette","no","8009383","894","80","yes"
"it","B0019Y1L1S","3145891160406","https://m.media-amazon.com/images/I/61OWLJCI3vL.jpg;https://m.media-amazon.com/images/I/71FjPobRHoL.jpg;https://m.media-amazon.com/images/I/51youN6ylFL.jpg;https://m.media-amazon.com/images/I/41S9VcdmsKL.jpg","Chanel, Base labial - 20 ml.","Chanel","","€ 75.00","145864","-19 %","","91 %","no","","162839","","€ 75.00","","","","","","","","€ 65.50","no","no","€ 118.00","","","","€ 75.00","9 %","91 %","","€ 75.00","","","","","","","","€ 65.50","no","no","€ 157.90","","1","3","no Amazon offer exists","","9 %","-","1","0","2","25 %","12 %","-","25 %","12 %","","1","2","€ 113.90","€ 113.95","€ 108.05","€ 101.56","0 %","0 %","0 %","-5 %","€ 0.00","0 %","€ 113.90","€ 65.50","no","no","€ 189.99","0 %","€ 4.00","15.45 %","-","Bellezza","Acqua di Colonia","Bellezza › Fragranze e profumi › Uomo › Acqua di Colonia","no","3145891160406","1320","","yes"
"it","B0BK5F471C","3145891418408","https://m.media-amazon.com/images/I/615+f2iHJtL.jpg","Le Lift Pro Contour Concentrate","Chanel","€ 180.00","€ 180.91","209354","-5 %","","1 %","yes","Amazon","150247","€ 179.89","€ 183.32","0 %","0 %","0 %","1 %","€ 0.00","0 %","€ 180.00","€ 168.34","no","no","€ 210.46","5","Disponibilità immediata","€ 180.00","€ 182.53","88 %","0 %","€ 184.75","€ 184.31","0 %","0 %","3 %","1 %","€ 0.00","0 %","€ 180.00","€ 168.34","no","no","€ 240.55","5","0","0","Amazon offer is in stock and shippable","","88 %","65 %","2","1","5","90 %","88 %","65 %","90 %","88 %","2","2","3","€ 180.00","€ 179.86","€ 180.31","€ 181.19","0 %","0 %","0 %","0 %","€ 0.00","0 %","€ 180.00","€ 143.65","no","no","€ 210.46","0 %","€ 3.90","12.24 %","€ 22.03","Bellezza","Sieri e liquidi","Bellezza › Cura della pelle › Viso › Idratanti › Sieri e liquidi","no","143229","70000","","no"
"it","B07D3DRGQW","3145891414202","https://m.media-amazon.com/images/I/41DrTseypZL.jpg","Le Lait Lait Démaquillant 150 Ml","Chanel","€ 50.99","€ 54.72","84687","2 %","","23 %","yes","Amazon","87877","€ 52.06","€ 53.53","0 %","0 %","2 %","7 %","€ 0.00","0 %","€ 50.99","€ 29.92","no","no","€ 70.99","3","Disponibilità immediata","€ 50.99","€ 53.33","59 %","29 %","€ 51.24","€ 52.59","0 %","0 %","0 %","4 %","€ 0.00","0 %","€ 50.99","€ 23.57","no","no","€ 58.46","3","2","4","Amazon offer is in stock and shippable","","59 %","57 %","3","1","0","51 %","55 %","57 %","51 %","55 %","2","5","5","€ 50.99","€ 52.15","€ 55.43","€ 52.33","0 %","0 %","2 %","8 %","€ 0.00","0 %","€ 50.99","€ 23.57","no","no","€ 89.99","16 %","€ 4.13","15.45 %","€ 7.88","Bellezza","Latte struccante","Bellezza › Trucco › Struccanti › Latte struccante","no","3145891414202","1320","","no"
"it","B00BH4OO82","3145891078008","https://m.media-amazon.com/images/I/21bdx1b4chL.jpg;https://m.media-amazon.com/images/I/41+j3PEL0TL.jpg","Bleu de Chanel Twist and Spray","Chanel","","€ 132.75","","","","82 %","no","","","","€ 132.75","","","","","","","","€ 94.99","no","no","€ 138.92","","","","","-","100 %","","","","","","","","","","","no","no","","","1","1","no Amazon offer exists","","19 %","-","1","","","-","-","-","9 %","5 %","","1","1","","","€ 126.85","€ 126.85","","","","","","","","€ 68.17","no","no","€ 138.92","82 %","€ 4.23","15.45 %","-","Bellezza","Eau de Toilette","Bellezza › Fragranze e profumi › Uomo › Eau de Toilette","no","CNLGSW002","1767","60","yes"
"it","B00NAGVL7W","3145891073508","https://m.media-amazon.com/images/I/31RpAdOnoyL.jpg;https://m.media-amazon.com/images/I/41+j3PEL0TL.jpg;https://m.media-amazon.com/images/I/21SBpatblmL.jpg;https://m.media-amazon.com/images/I/51zRp+JhuQL.jpg;https://m.media-amazon.com/images/I/61dKplV4l4L.jpg;https://m.media-amazon.com/images/I/51VBAdiivvL.jpg;https://m.media-amazon.com/images/I/615gEh6Ji6L.jpg;https://m.media-amazon.com/images/I/512afHY5WlL.jpg","Bleu de Chanel Eau de Parfum 50 ml Spray Uomo","Chanel","","€ 88.49","28622","-13 %","","15 %","no","","31228","€ 87.75","€ 88.36","","","","","","","","€ 62.25","no","no","€ 114.90","","","","€ 87.91","64 %","33 %","€ 87.76","€ 88.10","","","","","","","","€ 59.16","no","no","€ 103.69","","2","2","no Amazon offer exists","","64 %","74 %","2","1","8","79 %","59 %","74 %","79 %","59 %","1","2","6","€ 107.00","€ 91.79","€ 90.11","€ 89.69","0 %","-4 %","-17 %","-19 %","€ 0.00","0 %","€ 107.00","€ 50.00","no","no","€ 123.46","0 %","€ 4.00","15.45 %","-","Bellezza","Eau de Parfum","Bellezza › Fragranze e profumi › Uomo › Eau de Parfum","no","5-CHBLEUP050S","1969","1","yes"
"it","B07X5778KK","7104971294291, 7104976582188, 7104976050816, 7091333911784, 8435137749607","https://m.media-amazon.com/images/I/71V27OC7DdL.jpg;https://m.media-amazon.com/images/I/41+j3PEL0TL.jpg","Prada L'Homme For Men Eau De Toilette Spray, 3.4 Fluid Ounce","Prada","","€ 112.08","75685","-20 %","","74 %","no","","70886","€ 113.25","€ 109.52","","","","","","","","€ 94.90","no","no","€ 171.94","","","","","-","100 %","","","","","","","","","","","no","no","","","1","1","no Amazon offer exists","","15 %","-","7","2","0","-","-","12 %","12 %","11 %","2","12","14","€ 134.93","€ 128.81","€ 124.98","€ 119.72","0 %","-10 %","-5 %","-8 %","€ 0.00","0 %","€ 134.93","€ 94.90","no","no","€ 199.00","0 %","€ 5.07","15.45 %","-","Bellezza","Eau de Toilette","Bellezza › Fragranze e profumi › Uomo › Eau de Toilette","no","17294","1321","454","yes"
"it","B000GHWSFW","0737052598246, 3145891234602","https://m.media-amazon.com/images/I/417cEBnQl4L.jpg;https://m.media-amazon.com/images/I/51o9L3Xi-1L.jpg;https://m.media-amazon.com/images/I/31dbOHftNlL.jpg","Chanel, Coco - Eau De Toilette Spray, Donna, 35 Milliliters","Chanel","€ 168.80","€ 168.80","114041","50 %","","58 %","yes","3rd Party (A2H97J2JRB6UD2)","96914","€ 168.80","€ 167.17","0 %","0 %","0 %","0 %","€ 0.00","0 %","€ 168.80","€ 43.35","no","yes","€ 171.00","5","Disponibilità immediata","","","-","100 %","","","","","","","","","","€ 43.35","no","no","€ 134.70","","1","1","no Amazon offer exists","","43 %","-","1","1","4","-","-","100 %","33 %","28 %","1","4","5","€ 158.70","€ 159.26","€ 160.63","€ 159.99","0 %","0 %","0 %","1 %","€ 0.00","0 %","€ 158.70","€ 43.35","no","yes","€ 170.00","0 %","€ 4.00","15.45 %","€ 26.08","Bellezza","Eau de Toilette, Eau de Toilette disponibili","Bellezza › Fragranze e profumi › Donna › Eau de Toilette","no","P-XB-404-B1","640","100","yes"
"it","B08DHW4CT9","3614272907652","https://m.media-amazon.com/images/I/51GxgokOo+L.jpg","Giorgio Armani My Way Profumo, Donna, 30 ml","GIORGIO ARMANI","€ 50.99","€ 50.99","25070","14 %","","24 %","yes","Amazon","29531","€ 50.99","€ 53.73","0 %","0 %","0 %","0 %","","","","€ 43.20","no","yes","€ 82.29","","","€ 50.99","€ 50.99","76 %","24 %","€ 50.99","€ 52.34","0 %","0 %","0 %","0 %","","","","€ 35.99","no","yes","€ 78.58","","2","5","Amazon offer is back-ordered","","76 %","53 %","1","1","9","42 %","40 %","53 %","42 %","40 %","1","3","6","€ 50.99","€ 56.99","€ 53.63","€ 57.86","21 %","20 %","11 %","5 %","€ 14.01","22 %","€ 65.00","€ 35.99","no","yes","€ 73.00","0 %","€ 4.23","15.45 %","€ 7.88","Bellezza","Eau de Parfum","Bellezza › Fragranze e profumi › Donna › Eau de Parfum","no","SI209","240","28","yes"
"it","B00HT94USS","3145891420906","https://m.media-amazon.com/images/I/81ghRY6qhRL.jpg","Chanel SUBLIMAGE le fluide ultime régénération de la peau 50 ml","Chanel","","","","","","-","no","3rd Party (?)","","","","","","","","","","","","no","no","","","","","","-","100 %","","","","","","","","","","","no","no","","","1","1","no Amazon offer exists","","-","-","","","","-","-","-","-","-","","","","","","","","","","","","","","","€ 198.73","no","no","€ 219.42","100 %","€ 3.90","15.45 %","-","Bellezza","Contenitori per cosmetici","Bellezza › Accessori e strumenti di bellezza › Portatrucchi › Beauty сase e contenitori › Contenitori per cosmetici","no","3145891420906","","","no"
"it","B0CZLRGQ9X","3614273953696","https://m.media-amazon.com/images/I/61sgWZMjNQL.jpg","Giorgio Armani Acqua Di Gio Profondo Fragranza for Men 3.3 fl oz","GIORGIO ARMANI","","","","","","-","no","","","","","","","","","","","","","no","no","","","","","","-","100 %","","","","","","","","","","","no","no","","","1","1","no Amazon offer exists","","-","-","","","","-","-","-","-","-","","","","","","","","","","","","","","","","no","no","","100 %","€ 9.34","15.45 %","-","Bellezza","Eau de Parfum","Bellezza › Fragranze e profumi › Donna › Eau de Parfum","no","QOG24-Gio-53696","","","yes"
"it","B088KG7HBZ","3614272907867","https://m.media-amazon.com/images/I/41OABz1L2YL.jpg","Giorgio Armani Ocean Di Gioia Eau De Parfum 100Ml Vaporizador","GIORGIO ARMANI","","€ 116.30","132602","-17 %","","60 %","no","","146793","","€ 115.51","","","","","","","","€ 65.90","no","no","€ 120.59","","","","","-","100 %","","","","","","","","","","€ 64.70","no","no","€ 109.00","","1","1","no Amazon offer exists","","41 %","-","1","","","-","-","-","58 %","55 %","","1","4","€ 150.00","€ 150.00","€ 119.98","€ 116.93","0 %","0 %","0 %","-25 %","€ 0.00","0 %","€ 150.00","€ 64.70","no","no","€ 150.00","55 %","€ 4.54","15.45 %","-","Bellezza","Eau de Parfum","Bellezza › Fragranze e profumi › Donna › Eau de Parfum","no","250191","2700","99","yes"
"it","B08DHL4KQV","3614272941663","https://m.media-amazon.com/images/I/71hvvaD+2BL.jpg;https://m.media-amazon.com/images/I/61bNI3-oMWL.jpg;https://m.media-amazon.com/images/I/718uZndFP3L.jpg;https://m.media-amazon.com/images/I/71Pjg1BQNlL.jpg","Giorgio Armani Luminous Silk Foundation, 5. 9 medium, neutro, 30 ml","GIORGIO ARMANI","","€ 56.00","103792","-54 %","","80 %","no","","151076","€ 61.20","€ 55.57","","","","","","","","€ 38.07","no","no","€ 61.20","","","","","-","100 %","","€ 38.07","","","","","","","","€ 38.07","no","no","€ 57.64","","1","1","no Amazon offer exists","","20 %","-","1","","","-","20 %","7 %","10 %","20 %","1","2","2","","€ 57.00","€ 54.25","€ 54.83","","","","","","","","€ 37.80","no","no","€ 57.64","38 %","€ 4.13","15.46 %","-","Bellezza","Fondotinta","Bellezza › Trucco › Viso › Fondotinta","no","8000396","70000","","no"
"it","B08DSFSG14","8411061972175","https://m.media-amazon.com/images/I/51+8HI9F80L.jpg;https://m.media-amazon.com/images/I/61m-59t3GQL.jpg;https://m.media-amazon.com/images/I/61Cc9y-oI-L.jpg","Good Girl Supreme Ep 30 Vp","Carolina Herrera","€ 52.19","€ 60.42","37173","-34 %","","3 %","yes","Amazon","36211","€ 57.59","€ 60.13","0 %","0 %","9 %","14 %","€ 0.00","0 %","€ 52.19","€ 45.99","no","yes","€ 74.20","","Generalmente  spedito entro 3-7 mesi","€ 52.19","€ 59.82","23 %","14 %","€ 57.67","€ 59.58","0 %","0 %","10 %","13 %","€ 0.00","0 %","€ 52.19","€ 45.99","no","yes","€ 71.09","","0","1","Amazon offer is back-ordered","","55 %","39 %","3","1","5","19 %","26 %","61 %","30 %","26 %","2","3","3","€ 52.19","€ 55.74","€ 58.26","€ 61.10","0 %","0 %","6 %","10 %","€ 0.00","0 %","€ 52.19","€ 45.99","no","yes","€ 74.00","0 %","€ 4.23","15.44 %","€ 8.06","Bellezza","Eau de Parfum","Bellezza › Fragranze e profumi › Donna › Eau de Parfum","no","65156178","593","100","yes"
"it","B07JCMKVGN","0793675017885, 5056245011290","https://m.media-amazon.com/images/I/71Aq+CT+0bL.jpg;https://m.media-amazon.com/images/I/61OE+QT3uYL.jpg;https://m.media-amazon.com/images/I/41Mg8NfcfSL.jpg","ARTEMISIA Eau de Parfum, 100 ml","Penhaligon's","€ 212.29","€ 211.71","185031","-18 %","","11 %","no","3rd Party (A26M3ZI49MPCHM)","214267","€ 213.55","€ 211.71","0 %","0 %","1 %","0 %","€ 0.00","0 %","€ 212.29","€ 89.87","no","no","€ 232.02","12","Generalmente  spedito entro 4-5 giorni","","","-","100 %","","","","","","","","","","€ 86.44","no","no","€ 170.35","","1","1","no Amazon offer exists","","61 %","-","3","0","1","-","-","63 %","31 %","15 %","2","3","5","€ 209.30","€ 209.74","€ 206.03","€ 206.03","0 %","0 %","0 %","-2 %","€ 0.00","0 %","€ 209.30","€ 89.87","no","no","€ 292.49","10 %","€ 4.54","15.45 %","€ 32.80","Bellezza","Eau de Parfum, PENHALIGON'S, Fragranze e profumi","Bellezza › Fragranze e profumi › Donna › Eau de Parfum","no","90017885","768","96","yes"
"it","B0056JCRGK","0121018802032, 3145891079609, 6909120181542, 6909110192725","https://m.media-amazon.com/images/I/71BZkhzWQwL.jpg;https://m.media-amazon.com/images/I/71vpcCZknbL.jpg;https://m.media-amazon.com/images/I/71Y+iMn0TmL.jpg;https://m.media-amazon.com/images/I/31OzBxdVR1L.jpg","BODUM 1512-10 Bicchiere di ricambio, per 12 tazzine da caffè, ø 11,7 cm, H 18,5 cm","Chanel","€ 64.90","€ 59.80","485732","-9 %","","25 %","no","3rd Party (A2JXVDP4468930)","418088","€ 64.95","€ 58.93","1 %","1 %","0 %","-9 %","€ 0.00","0 %","€ 64.90","€ 28.50","no","no","€ 68.56","2","Disponibilità immediata","","€ 67.69","1 %","52 %","€ 68.75","€ 57.32","","","","","","","€ 72.94","€ 26.21","no","no","€ 73.04","","33","78","no Amazon offer exists","","22 %","3 %","6","1","2","8 %","5 %","64 %","22 %","43 %","4","9","10","€ 59.00","€ 58.86","€ 56.33","€ 54.02","0 %","0 %","0 %","-5 %","€ 0.00","0 %","€ 59.00","€ 26.21","no","no","€ 60.25","0 %","€ 4.13","15.45 %","€ 10.03","Casa e cucina","Bicchieri da tè e da caffè","Casa e cucina › Vasellame › Bicchieri e cristalli › Bicchieri da tè e da caffè","no","P-3O-600-B5","511","200","no"
"it","B083TXQ8WJ","3145891417807","https://m.media-amazon.com/images/I/61ecYdOFtPL.jpg;https://m.media-amazon.com/images/I/71Cn3W1-PyL.jpg;https://m.media-amazon.com/images/I/61+1HZ7UkQL.jpg;https://m.media-amazon.com/images/I/31DfuK2t+ML.jpg","Le Lift Botanical Alfalfa","Chanel","€ 120.00","€ 120.79","140338","-13 %","","32 %","yes","Amazon","154932","€ 122.49","€ 122.27","0 %","3 %","2 %","1 %","€ 0.00","0 %","€ 120.00","€ 90.75","no","yes","€ 148.60","","","€ 120.00","€ 120.00","64 %","31 %","€ 120.00","€ 119.93","0 %","0 %","0 %","0 %","€ 0.00","0 %","€ 120.00","€ 90.75","no","yes","€ 135.42","","1","4","Amazon offer is back-ordered","","64 %","52 %","2","1","6","63 %","64 %","52 %","63 %","64 %","2","2","3","€ 120.00","€ 130.27","€ 128.94","€ 128.30","0 %","0 %","8 %","7 %","€ 0.00","0 %","€ 120.00","€ 90.00","no","yes","€ 151.20","0 %","€ 4.13","15.45 %","€ 18.54","Bellezza","Tonici e astringenti per il viso","Bellezza › Cura della pelle › Viso › Tonici e astringenti per il viso","no","820-141780","1320","201","no"
"it","B00D3RV696","3145891410501","https://m.media-amazon.com/images/I/51RlNyPqH3L.jpg;https://m.media-amazon.com/images/I/31U2-sFxuGL.jpg;https://m.media-amazon.com/images/I/41XTklQHtmL.jpg;https://m.media-amazon.com/images/I/31SZpY4mWkL.jpg","Chanel Hydra Beauty Essence Mist, Donna, 50 ml","Chanel","€ 60.17","€ 60.17","206515","-8 %","","1 %","yes","Amazon","220018","€ 60.17","€ 66.53","0 %","0 %","0 %","0 %","€ 0.00","0 %","€ 60.17","€ 42.75","no","yes","€ 95.61","5","Disponibilità immediata","€ 60.17","€ 60.17","100 %","0 %","€ 60.17","€ 60.17","0 %","0 %","0 %","0 %","€ 0.00","0 %","€ 60.17","€ 32.72","no","yes","€ 60.84","5","1","1","Amazon offer is in stock and shippable","","100 %","99 %","1","1","3","51 %","34 %","99 %","51 %","40 %","1","4","5","€ 60.17","€ 60.17","€ 60.17","€ 60.17","0 %","0 %","0 %","0 %","€ 0.00","0 %","€ 60.17","€ 32.72","no","yes","€ 66.00","0 %","€ 4.23","15.46 %","€ 9.30","Bellezza","Spray e nebulizzatori","Bellezza › Cura della pelle › Viso › Idratanti › Spray e nebulizzatori","no","3145891410501","505","48","yes"
"it","B0BTMZ3634","8011003876310","https://m.media-amazon.com/images/I/51zDhUHXCjL.jpg","VERSACE Pour Femme Dylan Purple Perfumed Body Lozione da 200 ml","Versace","€ 32.95","€ 39.76","126024","-7 %","","0 %","no","3rd Party (ACTU7YDR3EKG7)","99414","€ 36.45","€ 42.60","0 %","2 %","10 %","17 %","€ 0.00","0 %","€ 32.95","€ 32.95","yes","yes","€ 56.00","14","Disponibilità immediata","","","-","100 %","","","","","","","","","","","no","no","","","1","1","no Amazon offer exists","","51 %","-","4","0","3","-","-","96 %","36 %","36 %","2","7","7","€ 32.95","€ 35.93","€ 38.52","€ 38.04","0 %","2 %","8 %","14 %","€ 0.00","0 %","€ 32.95","€ 32.45","no","yes","€ 46.50","0 %","€ 4.13","15.45 %","€ 5.09","Bellezza","Lozioni e balsami per il corpo","Bellezza › Cura della pelle › Corpo › Idratanti › Lozioni e balsami per il corpo","no","","","","no"
"it","B09B3YGZ76","3348901559348","https://m.media-amazon.com/images/I/51QrwA6gPtL.jpg","Dior Diorshow Eyeshadow 111Ml","Dior","€ 37.57","€ 38.08","209919","25 %","","0 %","yes","Amazon","190931","€ 35.99","€ 38.07","-4 %","-4 %","-4 %","1 %","€ -1.58","-4 %","€ 35.99","€ 26.94","no","no","€ 47.35","","Disponibilità immediata","€ 37.57","","-","100 %","","","0 %","0 %","0 %","0 %","","","","€ 26.94","no","no","€ 37.57","","1","1","Amazon offer is in stock and shippable","","82 %","-","2","0","3","-","6 %","100 %","69 %","58 %","1","3","5","€ 33.00","€ 33.00","€ 33.96","€ 33.63","0 %","0 %","0 %","3 %","€ 0.00","0 %","€ 33.00","€ 26.94","no","yes","€ 40.48","0 %","€ 3.24","15.45 %","€ 5.80","Bellezza","Ombretti","Bellezza › Trucco › Occhi › Ombretti","no","267046","","","no"
"it","B0089ANCNA","3145891078107","https://m.media-amazon.com/images/I/81oK5QsvoqL.jpg;https://m.media-amazon.com/images/I/714X3uYv7aL.jpg","Bleu de Chanel di Chanel - Eau de toilette Edt - Spray 3x20 ml.","Chanel","","","29783","65 %","","100 %","no","","27523","","","","","","","","","","€ 55.20","no","no","€ 115.43","","","","","-","100 %","","","","","","","","","","€ 50.36","no","no","€ 94.41","","1","1","no Amazon offer exists","","-","-","","1","2","-","-","-","-","12 %","","","3","€ 95.50","€ 96.78","€ 95.70","€ 94.31","0 %","0 %","1 %","0 %","€ 0.00","0 %","€ 95.50","€ 50.36","no","no","€ 144.99","13 %","€ 4.00","15.45 %","-","Bellezza","Eau de Toilette","Bellezza › Fragranze e profumi › Uomo › Eau de Toilette","no","P-3O-040-01","262","13","yes"
"it","B071G4D4Y1","8435137764730, 3614271956712","https://m.media-amazon.com/images/I/51IpI-y3mbL.jpg;https://m.media-amazon.com/images/I/51x2ANEkdvL.jpg","Prada Profumo Uomo - 100 ml","Prada","","€ 107.72","51554","58 %","","58 %","no","","34555","€ 107.98","€ 106.97","","","","","","","","€ 62.84","no","no","€ 117.29","","","","€ 118.49","-","100 %","€ 118.49","€ 118.49","","","","","","","","€ 63.40","no","no","€ 118.49","","2","2","no Amazon offer exists","","10 %","-","6","2","1","-","2 %","28 %","16 %","10 %","3","7","10","€ 134.97","€ 119.32","€ 125.68","€ 124.00","0 %","0 %","-13 %","-7 %","€ 0.00","0 %","€ 134.97","€ 56.00","no","no","€ 228.87","0 %","€ 5.07","15.45 %","-","Bellezza","Eau de Parfum","Bellezza › Fragranze e profumi › Uomo › Eau de Parfum","no","PRALHIM0110002","723","454","yes"
"it","B075Z1162G","3614222401919","https://m.media-amazon.com/images/I/51GzRuCPC1L.jpg;https://m.media-amazon.com/images/I/611o+uc94ZL.jpg","Tiffany&Co Ep 30 Vp","Tiffany","€ 63.70","€ 63.65","69457","44 %","","8 %","yes","Amazon","64608","€ 64.18","€ 63.67","0 %","0 %","1 %","0 %","€ -0.20","0 %","€ 63.50","€ 28.70","no","no","€ 97.99","5","Disponibilità immediata","€ 63.70","€ 63.25","15 %","77 %","€ 63.25","€ 63.25","0 %","0 %","-1 %","-1 %","€ 0.00","0 %","€ 63.70","€ 35.00","no","no","€ 77.50","5","1","1","Amazon offer is in stock and shippable","","54 %","45 %","7","2","12","7 %","11 %","45 %","30 %","41 %","4","10","12","€ 60.61","€ 60.94","€ 60.74","€ 61.72","0 %","0 %","1 %","0 %","€ 0.00","0 %","€ 60.61","€ 25.79","no","no","€ 109.99","0 %","€ 4.54","15.45 %","€ 9.84","Bellezza","Eau de Parfum, Eau de Toilette disponibili","Bellezza › Fragranze e profumi › Donna › Eau de Parfum","no","64221","70000","272","yes"
"it","B003HUSOC6","8411061853207","https://m.media-amazon.com/images/I/31RyAFQ2erL.jpg;https://m.media-amazon.com/images/I/41spSGljzfL.jpg","Carolina Herrera 53745 Acqua di Colonia","Carolina Herrera","","€ 113.83","284655","-3 %","","58 %","no","","290465","","€ 124.88","","","","","","","","€ 67.77","no","no","€ 157.87","","","","","-","100 %","","€ 107.81","","","","","","","","€ 67.77","no","no","€ 108.50","","1","1","no Amazon offer exists","","43 %","-","1","","","1 %","7 %","-","30 %","21 %","","3","5","","","€ 120.99","€ 130.17","","","","","","","","€ 35.62","no","no","€ 167.54","48 %","€ 5.07","15.45 %","-","Bellezza","Eau de Toilette","Bellezza › Fragranze e profumi › Uomo › Eau de Toilette","no","11811","837","100","yes"
"it","B09YL9D1K1","0888066136785","https://m.media-amazon.com/images/I/51EvWaZcg+L.jpg","Tom Ford, Costa Azzurra Eau de Parfum Unisex 100ml","Tom Ford","€ 197.94","€ 202.81","90781","-31 %","","1 %","no","3rd Party (A2IC1AAFRI354X)","82343","€ 202.19","€ 198.75","0 %","0 %","2 %","2 %","€ 0.00","0 %","€ 197.94","€ 134.46","no","no","€ 224.44","2","Disponibilità immediata","€ 177.95","€ 184.30","16 %","0 %","€ 186.67","€ 183.83","0 %","5 %","5 %","3 %","€ 0.00","0 %","€ 177.95","€ 134.46","no","yes","€ 209.83","","0","1","Amazon offer is back-ordered","","28 %","39 %","6","1","4","9 %","36 %","59 %","16 %","36 %","3","7","11","€ 177.95","€ 186.67","€ 184.10","€ 186.72","0 %","5 %","5 %","3 %","€ 0.00","0 %","€ 177.95","€ 134.46","no","no","€ 209.83","0 %","€ 5.07","15.45 %","€ 30.58","Bellezza","Eau de Parfum","Bellezza › Fragranze e profumi › Donna › Eau de Parfum","no","TC6X010000","668","370","yes"
"it","B09FG7CRBF","7630440639107","https://m.media-amazon.com/images/I/61G9vvtMkUL.jpg;https://m.media-amazon.com/images/I/31scXj0VaIL.jpg;https://m.media-amazon.com/images/I/41S2MX1R81L.jpg;https://m.media-amazon.com/images/I/41fssGp6StL.jpg","On Donna Cloudaway Textile Synthetic Black Rock Formatori 40 EU","ON","","","210229","40 %","","-","no","","210229","","","","","","","","","","","no","no","","","","","","-","100 %","","","","","","","","","","","no","no","","","1","1","no Amazon offer exists","","-","-","","","","-","-","-","-","-","","","","","","","","","","","","","","","","no","no","","100 %","€ 5.84","15.45 %","-","Moda","Sneaker casual","Moda › Donna › Scarpe › Sneaker e scarpe sportive › Sneaker casual","no","49-99129","13300","","no"
"it","B000KK1A36","3145891957303","https://m.media-amazon.com/images/I/510jlzZPPzL.jpg;https://m.media-amazon.com/images/I/61gOVxLm9sL.jpg","Chanel INIMITABLE mascara #30-noir brun 6 gr","Chanel","","","","","","-","no","3rd Party (?)","","","","","","","","","","","","no","no","","","","","","-","100 %","","","","","","","","","","","no","no","","","1","1","no Amazon offer exists","","-","-","","","","-","-","-","-","-","","","","","","","","","","","","","","","","no","no","","100 %","€ 4.13","15.45 %","-","Sport e tempo libero","Fan Shop","Sport e tempo libero › Fan Shop","no","5463180202","","23","no"
"it","B002N5MK3K","7611773275910","https://m.media-amazon.com/images/I/31MrjTDx6VL.jpg;https://m.media-amazon.com/images/I/31MrjTDx6VL.jpg;https://m.media-amazon.com/images/I/61WXjNcd1hL.jpg;https://m.media-amazon.com/images/I/31GSl5OLq0L.jpg;https://m.media-amazon.com/images/I/51lSxsB1y1L.jpg;https://m.media-amazon.com/images/I/51Aa5aDbNpL.jpg","Cellular Hydralift Firming Mask","La Prairie","€ 144.00","€ 144.00","127951","-19 %","","1 %","yes","Amazon","132556","€ 144.00","€ 157.67","0 %","0 %","0 %","0 %","€ 0.00","0 %","€ 144.00","€ 111.06","no","yes","€ 186.99","4","Disponibilità immediata","€ 144.00","€ 144.00","99 %","0 %","€ 144.00","€ 157.64","0 %","0 %","0 %","0 %","€ 0.00","0 %","€ 144.00","€ 112.82","no","yes","€ 186.99","4","0","0","Amazon offer is in stock and shippable","","99 %","98 %","1","1","2","100 %","93 %","98 %","100 %","93 %","1","1","2","€ 144.00","€ 144.00","€ 144.00","€ 157.64","0 %","0 %","0 %","0 %","€ 0.00","0 %","€ 144.00","€ 111.06","no","yes","€ 216.04","0 %","€ 4.44","13.25 %","€ 19.08","Salute e cura della persona","Sonno e russamento, Maschere","Salute e cura della persona › Prodotti per la medicazione › Sonno e russamento","no","LAPRAIRIE-275910","1969","71","no"
"it","B009R7T04E","3342540095236","https://m.media-amazon.com/images/I/31qi8JzS-bL.jpg","FOOTCORD, Pedal regulable de cordino","PETZL","€ 32.45","€ 29.99","129037","-17 %","","25 %","no","3rd Party (A1JTB2R3QULPAM)","149176","€ 31.25","€ 28.41","-9 %","-8 %","-4 %","-8 %","€ -2.71","-9 %","€ 29.74","€ 18.99","no","no","€ 34.00","110","Disponibilità immediata","","","-","100 %","","€ 19.70","","","","","","","","€ 18.99","no","no","€ 43.50","","1","1","no Amazon offer exists","","29 %","-","4","1","10","7 %","32 %","63 %","14 %","32 %","2","5","5","€ 24.95","€ 24.95","€ 24.55","€ 24.09","0 %","0 %","0 %","-2 %","€ 0.00","0 %","€ 24.95","€ 18.99","no","no","€ 26.00","0 %","€ 3.90","15.43 %","€ 5.01","Sport e tempo libero","Arrampicata, Promo Sport invernali","Sport e tempo libero › Attività ricreative all'aperto › Arrampicata","no","C48A","765","40","no"
"it","B094Z555JX","3145891417609","https://m.media-amazon.com/images/I/41pLDTnrHYL.jpg;https://m.media-amazon.com/images/I/31-YgLjhUdL.jpg;https://m.media-amazon.com/images/I/41mT0nD9DrL.jpg","Le Lift Crème De Nuit 50 Gr","Chanel","€ 136.00","€ 140.56","100731","36 %","","5 %","yes","Amazon","87408","€ 137.20","€ 144.22","2 %","2 %","1 %","3 %","€ 0.00","0 %","€ 136.00","€ 108.80","no","no","€ 186.55","5","Disponibilità immediata","€ 136.00","€ 141.17","74 %","9 %","€ 136.10","€ 142.25","2 %","2 %","0 %","4 %","€ 0.00","0 %","€ 136.00","€ 111.75","no","no","€ 152.00","5","13","14","Amazon offer is in stock and shippable","","74 %","74 %","2","1","3","41 %","40 %","74 %","41 %","40 %","2","7","8","€ 136.00","€ 138.83","€ 138.52","€ 139.83","2 %","2 %","2 %","2 %","€ 0.00","0 %","€ 136.00","€ 108.80","no","no","€ 249.99","0 %","€ 4.13","15.45 %","€ 21.01","Bellezza","Creme","Bellezza › Cura della pelle › Viso › Idratanti › Trattamenti notte › Creme","no","E001-21P-016260","1320","50","no"
"it","B0D4WR14NY","3614274089349","https://m.media-amazon.com/images/I/51asQ-zS-tL.jpg;https://m.media-amazon.com/images/I/51B6m7qV4nL.jpg;https://m.media-amazon.com/images/I/71OqDiP30LL.jpg;https://m.media-amazon.com/images/I/51BH5Ov8LPL.jpg","Prada Luna Rossa Ocean Le Parfum 50 ml","Prada","€ 96.09","€ 97.22","","","","46 %","yes","Amazon","","€ 97.22","€ 97.22","0 %","0 %","1 %","1 %","€ 0.00","0 %","€ 96.09","€ 95.90","no","no","€ 106.29","","Disponibilità immediata","€ 96.09","€ 100.88","33 %","46 %","€ 100.88","€ 100.88","0 %","0 %","5 %","5 %","€ 0.00","0 %","€ 96.09","€ 95.90","no","no","€ 109.50","","1","1","Amazon offer is in stock and shippable","","55 %","33 %","4","1","3","33 %","33 %","55 %","55 %","55 %","4","4","4","€ 91.00","€ 96.72","€ 96.72","€ 96.72","1 %","2 %","6 %","6 %","€ 0.00","0 %","€ 91.00","€ 91.00","yes","yes","€ 103.00","21 %","€ 4.00","15.45 %","€ 14.85","Bellezza","Accessori per trucco occhi","Bellezza › Accessori e strumenti di bellezza › Strumenti e accessori per trucco › Accessori per trucco occhi","no","","","","yes"
"it","B0BF13F6KM","3346470304918","https://m.media-amazon.com/images/I/51LwyETnZuL.jpg","Guerlain HÉRITAGE EAU de Parfum Spray 100ml Occhiali, Multi-Coloured, Taglia Unica Donna","Guerlain","€ 102.19","€ 102.74","","","","5 %","no","3rd Party (A26M3ZI49MPCHM)","","€ 102.19","€ 105.50","0 %","0 %","0 %","1 %","€ 0.00","0 %","€ 102.19","€ 96.59","no","no","€ 133.79","35","Generalmente  spedito entro 3-4 giorni","","","-","100 %","","","","","","","","","","","no","no","","","1","1","no Amazon offer exists","","83 %","-","2","0","1","-","-","98 %","48 %","48 %","1","4","4","€ 99.20","€ 99.20","€ 98.76","€ 103.09","0 %","0 %","0 %","0 %","€ 0.00","0 %","€ 99.20","€ 92.48","no","no","€ 135.00","4 %","€ 4.23","10.84 %","€ 11.08","Bellezza","Eau de Parfum","Bellezza › Fragranze e profumi › Donna › Eau de Parfum","no","QOG-Gue-04918","24000","200","yes"
"it","B07XM8XFDV","3145891913101","https://m.media-amazon.com/images/I/415i3nWGttL.jpg","Chanel Mascara, Cha191310 Gr, Nero Intenso, 6 G","Chanel","€ 35.00","€ 47.10","149451","77 %","","28 %","yes","Amazon","90979","€ 44.73","€ 45.52","0 %","1 %","22 %","26 %","€ 0.00","0 %","€ 35.00","€ 32.40","no","yes","€ 59.56","5","Disponibilità immediata","€ 35.00","€ 46.43","65 %","29 %","€ 44.61","€ 45.22","0 %","1 %","22 %","25 %","€ 0.00","0 %","€ 35.00","€ 35.00","no","yes","€ 47.99","5","2","3","Amazon offer is in stock and shippable","","65 %","99 %","2","1","1","81 %","56 %","99 %","81 %","56 %","2","2","2","€ 35.00","€ 43.99","€ 46.06","€ 45.04","0 %","1 %","20 %","24 %","€ 0.00","0 %","€ 35.00","€ 26.50","no","yes","€ 75.70","0 %","€ 3.24","15.46 %","€ 5.41","Bellezza","Mascara","Bellezza › Trucco › Occhi › Mascara","no","8010036","1320","","no"
"it","B07JZHN1PP","8011003845361","https://m.media-amazon.com/images/I/61kXdr-Vb8L.jpg;https://m.media-amazon.com/images/I/41VQSV+ke9S.jpg;https://m.media-amazon.com/images/I/41PHSbtRtUS.jpg;https://m.media-amazon.com/images/I/51GfYbGpD6L.jpg","Versace Dopobarba - 100 ml","Versace","€ 57.00","€ 59.21","49525","2 %","","2 %","no","3rd Party (A25KS0KI52MDYS)","42945","€ 54.44","€ 60.09","0 %","0 %","-5 %","4 %","€ 0.00","0 %","€ 57.00","€ 34.99","no","no","€ 76.60","150","Disponibilità immediata","€ 57.01","€ 59.68","30 %","33 %","€ 56.46","€ 59.77","0 %","0 %","-1 %","4 %","€ 0.00","0 %","€ 57.01","€ 37.83","no","no","€ 65.40","","0","2","Amazon offer is back-ordered","","35 %","71 %","7","2","6","16 %","8 %","71 %","18 %","13 %","4","9","13","€ 57.00","€ 54.52","€ 59.13","€ 65.74","0 %","0 %","-5 %","4 %","€ 0.00","0 %","€ 57.00","€ 32.00","no","no","€ 139.00","0 %","€ 4.23","15.46 %","€ 8.81","Salute e cura della persona","Lozioni e fluidi, Rasatura","Salute e cura della persona › Rasatura, epilazione e rimozione peli › Trattamenti post rasatura o depilazione › Dopobarba › Lozioni e fluidi","no","8011003845361","1000","100","yes"
"it","B0078LYKRS","3145891361100, 0013639080206","https://m.media-amazon.com/images/I/61s7Aa6vpNL.jpg;https://m.media-amazon.com/images/I/71EUR3u3l7L.jpg","Chance Eau Fraiche Eau de Toilette 3 x 20 ml Spray Donna da borsetta Ricariche","Chanel","","€ 101.75","125013","-17 %","","81 %","no","","110532","","€ 107.46","","","","","","","","€ 62.20","no","no","€ 124.00","","","","€ 101.97","19 %","79 %","","€ 101.97","","","","","","","","€ 62.20","no","no","€ 131.21","","1","2","no Amazon offer exists","","19 %","-","1","0","1","10 %","14 %","-","10 %","14 %","","2","4","€ 117.30","€ 116.69","€ 111.19","€ 111.63","0 %","0 %","-1 %","-5 %","€ 0.00","0 %","€ 117.30","€ 62.20","no","no","€ 136.95","9 %","€ 4.00","15.45 %","-","Bellezza","Eau de Toilette","Bellezza › Fragranze e profumi › Donna › Eau de Toilette","no","P-3M-040-02","255","137","yes"
"it","B00LP6LNYA","5054596185943, 3605521954640","https://m.media-amazon.com/images/I/61nFDZvjwcL.jpg;https://m.media-amazon.com/images/I/71FT7cX0s5L.jpg;https://m.media-amazon.com/images/I/41dMdlDuqEL.jpg;https://m.media-amazon.com/images/I/41CPsXNayyL.jpg;https://m.media-amazon.com/images/I/31hP-Yu1M6L.jpg;https://m.media-amazon.com/images/I/21sxoCTPvlL.jpg;https://m.media-amazon.com/images/I/31Pbt2YHCfL.jpg;https://m.media-amazon.com/images/I/41Nb-VyNSNL.jpg;https://m.media-amazon.com/images/I/41tWJZveK4L.jpg","Helena Rubinstein Pure Ritual Care in Foam, Deep Cleansing Cremay Foam, Donna, 125 ml","Helena Rubinstein","€ 85.90","€ 86.20","132817","-18 %","","69 %","no","3rd Party (A3AXHWYLJUSEJP)","137067","€ 87.33","€ 85.18","0 %","1 %","2 %","0 %","€ 0.00","0 %","€ 85.90","€ 44.50","no","no","€ 90.93","1","Disponibilità immediata","","","-","100 %","","€ 78.93","","","","","","","","€ 50.98","no","no","€ 88.99","","1","1","no Amazon offer exists","","10 %","-","4","0","11","3 %","5 %","29 %","5 %","10 %","3","7","12","€ 80.00","€ 86.74","€ 86.83","€ 88.21","0 %","4 %","8 %","8 %","€ 0.00","0 %","€ 80.00","€ 39.00","no","no","€ 94.90","0 %","€ 4.13","15.45 %","€ 13.27","Bellezza","Gel detergenti, Struccanti, Creme viso e corpo","Bellezza › Cura della pelle › Viso › Detergenti ed esfolianti › Gel detergenti","no","C-HR-102-B2","528","","no"
"it","B0B3V3VTFD","3145891440300","https://m.media-amazon.com/images/I/21yimtcwaKL.jpg;https://m.media-amazon.com/images/I/21yimtcwaKL.jpg","SUBLIMAGE le baume 50 gr","Chanel","€ 299.00","€ 305.46","","","","0 %","yes","3rd Party (A2NSNBQQV8PCZG)","","€ 299.00","€ 309.68","0 %","0 %","0 %","2 %","€ 0.00","0 %","€ 299.00","€ 257.31","no","yes","€ 364.51","3","Disponibilità immediata","","","-","100 %","","","","","","","","","","€ 257.31","no","no","€ 364.51","","1","1","no Amazon offer exists","","100 %","-","1","1","1","-","8 %","100 %","70 %","35 %","1","1","3","€ 299.00","€ 299.00","€ 305.46","€ 309.68","0 %","0 %","0 %","2 %","€ 0.00","0 %","€ 299.00","€ 252.95","no","yes","€ 503.29","0 %","€ 4.97","15.45 %","€ 46.20","Alimentari e cura della casa","Marinate, Arborist Merchandising Root","Alimentari e cura della casa › Salse e sughi › Sughi e salse per cucinare › Marinate","no","3145891440300","306000","490","no"
"it","B007QKT4NG","3605540563441","https://m.media-amazon.com/images/I/51+98q0hMAL.jpg","Lait De Douche 400 ml Latte Doccia","Biotherm","","","190653","-4 %","","100 %","no","","194762","","","","","","","","","","€ 13.78","no","no","€ 45.34","","","","","-","100 %","","","","","","","","","","€ 13.78","no","no","€ 41.16","","1","1","no Amazon offer exists","","-","-","","","","-","7 %","-","-","7 %","","","1","","€ 33.33","€ 33.33","€ 33.33","","","","","","","","€ 13.78","no","no","€ 54.99","3 %","€ 4.13","15.45 %","-","Bellezza","Bagnoschiuma, docciaschiuma e gel doccia","Bellezza › Bagno e corpo › Detergenti per il corpo › Bagnoschiuma, docciaschiuma e gel doccia","no","3605540563441","930","454","no"
"it","B072F67DZH","3342540818194","https://m.media-amazon.com/images/I/91IQwpz6SfL.jpg;https://m.media-amazon.com/images/I/91S80fYN91L.jpg;https://m.media-amazon.com/images/I/71Xg+BQfhRL.jpg;https://m.media-amazon.com/images/I/71Phg3mr3HL.jpg;https://m.media-amazon.com/images/I/71oQH6mzH-L.jpg","SIROCCO ULTRALIGERO CASCO NEGRO M/L","PETZL","","€ 99.61","65818","3 %","","59 %","no","","54063","","€ 98.05","","","","","","","","€ 78.99","no","no","€ 131.90","","","","€ 86.99","3 %","98 %","","€ 86.60","","","","","","","","€ 69.06","no","no","€ 124.99","","1","2","no Amazon offer exists","","36 %","-","3","0","1","2 %","34 %","-","36 %","34 %","","3","3","€ 115.00","€ 115.00","€ 107.64","€ 103.11","0 %","0 %","0 %","-7 %","€ 0.00","0 %","€ 115.00","€ 69.06","no","no","€ 131.05","0 %","€ 7.72","15.45 %","-","Sport e tempo libero","Caschi a 360°","Sport e tempo libero › Sport › Ciclismo › Caschi e accessori › Caschi a 360°","no","A073BA01","22559","170","no"
"it","B072C58SYL","3605522040946, 0887167223769","https://m.media-amazon.com/images/I/51J5eu5oMDL.jpg;https://m.media-amazon.com/images/I/61MN9B19kDL.jpg;https://m.media-amazon.com/images/I/617TVshAuVL.jpg;https://m.media-amazon.com/images/I/71sNRjvs81L.jpg;https://m.media-amazon.com/images/I/31Tq1ptda4L.jpg;https://m.media-amazon.com/images/I/31hZSydLf3L.jpg","Emporio Armani Because It’s You - Eau De Parfum, 30 ml","GIORGIO ARMANI","","€ 70.88","105924","-8 %","","1 %","no","","109336","€ 64.55","€ 67.53","","","","","","","€ 62.00","€ 35.50","no","no","€ 77.96","1","Disponibilità immediata","","","-","100 %","","€ 81.99","","","","","","","","€ 35.50","no","no","€ 87.90","","1","1","no Amazon offer exists","","79 %","-","4","0","4","-","-","55 %","43 %","21 %","3","5","6","€ 66.00","€ 64.42","€ 69.99","€ 65.63","-7 %","-6 %","-2 %","6 %","€ -4.00","-6 %","€ 62.00","€ 32.10","no","no","€ 81.00","0 %","€ 4.54","15.45 %","-","Bellezza","Eau de Parfum, Eau de Toilette disponibili","Bellezza › Fragranze e profumi › Donna › Eau de Parfum","no","L56179","1321","99","yes"
"it","B0B4SST1GN","3614273544955","https://m.media-amazon.com/images/I/61VZRpH4PmL.jpg","PRADA Luna Rossa Sport 50 Vapo Occhiali, Oro Lucido, Taglia Unica Donna","Prada","€ 66.00","€ 66.02","","","","0 %","no","3rd Party (A1I6IDB2AL6EN0)","","€ 66.00","€ 66.02","0 %","0 %","0 %","0 %","€ 0.00","0 %","€ 66.00","€ 66.00","no","yes","€ 68.00","5","Disponibilità immediata","","","-","100 %","","","","","","","","","","","no","no","","","1","1","no Amazon offer exists","","99 %","-","2","0","3","-","-","99 %","99 %","99 %","2","2","2","€ 63.50","€ 63.50","€ 64.14","€ 65.07","0 %","0 %","0 %","1 %","€ 0.00","0 %","€ 63.50","€ 63.50","no","yes","€ 89.90","0 %","€ 4.54","15.45 %","€ 10.20","Moda","Occhiali da sole","Moda › Donna › Accessori › Occhiali e accessori › Occhiali da sole","no","QOG-Pra-44955","","48","yes"
"it","B0C64NGBNH","3614273874403","https://m.media-amazon.com/images/I/51UPNYBRzvL.jpg;https://m.media-amazon.com/images/I/51ydY5qkFzL.jpg;https://m.media-amazon.com/images/I/41BnWTgrsaL.jpg;https://m.media-amazon.com/images/I/411uZEmENvL.jpg","LUNA ROSSA OCEAN LOTE 2 pz","Prada","","€ 105.87","","","","42 %","no","","","","€ 105.87","","","","","","","","€ 84.53","no","no","€ 113.21","","","","","-","100 %","","","","","","","","","","€ 84.53","no","no","€ 113.21","","2","2","no Amazon offer exists","","59 %","-","1","","","-","14 %","-","29 %","14 %","","1","2","","","€ 105.87","€ 105.87","","","","","","","","€ 84.53","no","no","€ 158.22","42 %","€ 5.07","15.45 %","-","Cancelleria e prodotti per ufficio","Aprilettere","Cancelleria e prodotti per ufficio › Buste e materiali per spedizioni › Aprilettere","no","QOG-Pra-74403","70000","","yes"
"it","B07HHK3JYP","0888066077446","https://m.media-amazon.com/images/I/51DJgHrbtqL.jpg","Tom Ford Spray Corpo - 150 Ml","Tom Ford","€ 45.29","€ 47.09","73931","48 %","","0 %","no","3rd Party (A26M3ZI49MPCHM)","77173","€ 46.65","€ 47.74","0 %","2 %","3 %","4 %","€ 0.00","0 %","€ 45.29","€ 31.65","no","yes","€ 96.03","3","Generalmente  spedito entro 4-5 giorni","€ 49.62","€ 47.62","87 %","0 %","€ 48.25","€ 47.90","0 %","0 %","-3 %","-4 %","€ 0.00","0 %","€ 49.62","€ 31.50","no","no","€ 55.00","","0","0","Amazon offer is back-ordered","","87 %","61 %","2","1","1","77 %","58 %","61 %","77 %","58 %","2","4","7","€ 42.30","€ 43.00","€ 45.87","€ 46.26","0 %","0 %","2 %","8 %","€ 0.00","0 %","€ 42.30","€ 31.50","no","yes","€ 88.03","0 %","€ 4.54","15.46 %","€ 7.00","Bellezza","Deodorante","Bellezza › Bagno e corpo › Deodoranti e antitraspiranti › Deodorante","no","031736","1320","","yes"
"it","B07BYW4S2N","3348901387330","https://m.media-amazon.com/images/I/41oQHfJnpkL.jpg","Dior Jadore Precious Body Mist Vapo, 100 ml","Dior","","€ 51.51","44691","-65 %","","20 %","no","","56288","€ 58.34","€ 55.43","","","","","","","","€ 23.65","no","no","€ 89.99","","","","€ 49.49","58 %","39 %","","€ 50.00","","","","","","","","€ 23.65","no","no","€ 58.00","","1","1","no Amazon offer exists","","58 %","-","3","","","31 %","15 %","30 %","31 %","25 %","2","8","12","€ 58.20","€ 55.74","€ 51.79","€ 54.62","0 %","0 %","-4 %","-12 %","€ 0.00","0 %","€ 58.20","€ 23.65","no","no","€ 87.08","0 %","€ 4.54","15.45 %","-","Bellezza","Estratto di profumo, Corpo","Bellezza › Fragranze e profumi › Donna › Estratto di profumo","no","3348901387330","1320","96","yes"
"it","B075BLC569","3145891204254","https://m.media-amazon.com/images/I/31qtQ5aPADL.jpg;https://m.media-amazon.com/images/I/31ihf7c+aKL.jpg","Chanel Gabrielle Edp Vapo 50 Ml 1 Unidad 50 ml","Chanel","€ 135.00","€ 131.09","69840","47 %","","47 %","no","3rd Party (A2V9MANIN13E4V)","76448","€ 135.18","€ 122.09","0 %","0 %","0 %","-3 %","€ 0.00","0 %","€ 135.00","€ 74.99","no","no","€ 140.00","","Disponibilità immediata","","€ 124.26","8 %","86 %","","€ 121.17","","","","","","","","€ 74.99","no","no","€ 154.09","","1","1","no Amazon offer exists","","40 %","-","4","0","6","20 %","52 %","54 %","28 %","52 %","1","4","5","€ 130.00","€ 129.97","€ 128.42","€ 122.52","0 %","0 %","0 %","-1 %","€ 0.00","0 %","€ 130.00","€ 34.71","no","no","€ 130.90","0 %","€ 4.00","15.45 %","€ 20.86","Bellezza","Eau de Parfum","Bellezza › Fragranze e profumi › Donna › Eau de Parfum","no","3145891204254","233","50","yes"
"it","B00CB8BL5W","3145891169652, 0115371802037","https://m.media-amazon.com/images/I/41IueKZSs3L.jpg;https://m.media-amazon.com/images/I/31qagChwCwL.jpg;https://m.media-amazon.com/images/I/415WZH857YL.jpg","Coco Mademoiselle Gel Moussant - 200 Ml","Chanel","","€ 60.08","112258","-36 %","","90 %","no","","145892","","€ 68.56","","","","","","","","€ 41.00","no","no","€ 79.00","","","","€ 56.70","-","99 %","","€ 58.94","","","","","","","","€ 41.00","no","no","€ 71.46","","1","2","no Amazon offer exists","","7 %","-","5","0","1","-","1 %","-","21 %","11 %","","6","7","€ 71.00","€ 69.61","€ 64.76","€ 63.98","0 %","0 %","-2 %","-10 %","€ 0.00","0 %","€ 71.00","€ 37.40","no","no","€ 109.00","0 %","€ 3.90","15.45 %","-","Bellezza","Bagnoschiuma, docciaschiuma e gel doccia","Bellezza › Bagno e corpo › Detergenti per il corpo › Bagnoschiuma, docciaschiuma e gel doccia","no","11C7701","462","200","no"
"it","B07CHK6GDY","3346470415775","https://m.media-amazon.com/images/I/41CFQxnKglL.jpg;https://m.media-amazon.com/images/I/41a+mP6r-RL.jpg;https://m.media-amazon.com/images/I/51E9aWGIXCL.jpg;https://m.media-amazon.com/images/I/51sDmM5lrjL.jpg;https://m.media-amazon.com/images/I/41zaggcu9lL.jpg","Les Voilettes Poudre Libre Light 20 Gr","Guerlain","€ 47.63","€ 50.19","153735","-15 %","","1 %","no","3rd Party (A26M3ZI49MPCHM)","136484","€ 49.66","€ 49.11","0 %","2 %","4 %","5 %","€ 0.00","0 %","€ 47.63","€ 28.60","no","yes","€ 55.80","","Generalmente  spedito entro 2-3 giorni","€ 47.64","€ 50.26","62 %","0 %","€ 49.87","€ 49.15","0 %","3 %","4 %","5 %","€ 0.00","0 %","€ 47.64","€ 36.13","no","yes","€ 55.80","","0","0","Amazon offer is back-ordered","","62 %","-","4","","","81 %","88 %","82 %","81 %","88 %","2","5","5","€ 44.64","€ 46.59","€ 46.66","€ 45.79","0 %","2 %","4 %","4 %","€ 0.00","0 %","€ 44.64","€ 24.70","no","no","€ 55.80","0 %","€ 4.13","15.45 %","€ 7.36","Bellezza","Cipria","Bellezza › Trucco › Viso › Cipria","no","3346470415775","648","110","no"
"it","B00BHRG23E","8411061994412","https://m.media-amazon.com/images/I/3166g7xPgCL.jpg;https://m.media-amazon.com/images/I/3166g7xPgCL.jpg","Bad Boy Lote 3 Pz","Carolina Herrera","","","","","","100 %","no","","","","","","","","","","","","€ 51.82","no","no","€ 116.99","","","","","-","100 %","","","","","","","","","","€ 51.82","no","no","€ 105.27","","1","1","no Amazon offer exists","","-","-","","","","-","-","-","-","1 %","","","1","","","","","","","","","","","","€ 51.82","no","no","€ 107.00","100 %","€ 5.69","15.45 %","-","Bellezza","Set","Bellezza › Fragranze e profumi › Uomo › Set","no","8411061994412","4655","1","yes"
"it","B07MVK97G3","3348901450270","https://m.media-amazon.com/images/I/51x7C4hddxL.jpg","Christian Dior Capture Youth Intense Rescue Age-Delay Olio-Siero Rivitalizzante Anti-Età, 30 ml","Dior","","€ 83.89","93183","29 %","","10 %","no","","94498","€ 79.62","€ 84.93","","","","","","","","€ 60.47","no","no","€ 101.44","","","","€ 83.89","90 %","10 %","€ 79.62","€ 84.93","","","","","","","","€ 60.47","no","no","€ 97.60","","6","6","no Amazon offer exists","","90 %","71 %","1","0","4","93 %","59 %","71 %","93 %","59 %","1","3","6","€ 101.00","€ 85.77","€ 85.54","€ 85.21","0 %","-14 %","-18 %","-18 %","€ 0.00","0 %","€ 101.00","€ 41.95","no","no","€ 101.00","0 %","€ 3.90","15.45 %","-","Bellezza","Sieri e liquidi","Bellezza › Cura della pelle › Viso › Idratanti › Sieri e liquidi","no","3348901450270","1320","","no"
"it","B099K5GSQV","8426017070119","https://m.media-amazon.com/images/I/51MU-fXGi5L.jpg;https://m.media-amazon.com/images/I/41XAphdea9L.jpg","Loewe Pour Homme Et 100 Vp","Loewe","€ 96.51","€ 96.17","255540","-3 %","","1 %","yes","Amazon","260770","€ 97.67","€ 95.24","0 %","1 %","1 %","0 %","€ 0.00","0 %","€ 96.51","€ 33.65","no","no","€ 103.05","5","Disponibilità immediata","€ 96.51","€ 96.25","91 %","0 %","€ 97.90","€ 95.57","0 %","1 %","1 %","0 %","€ 0.00","0 %","€ 96.51","€ 33.65","no","no","€ 103.05","5","0","0","Amazon offer is in stock and shippable","","91 %","93 %","3","1","1","61 %","49 %","93 %","61 %","49 %","2","3","3","€ 91.60","€ 91.60","€ 93.26","€ 98.43","0 %","0 %","0 %","2 %","€ 0.00","0 %","€ 91.60","€ 33.65","no","no","€ 132.14","0 %","€ 4.00","15.45 %","€ 14.91","Bellezza","Eau de Toilette","Bellezza › Fragranze e profumi › Uomo › Eau de Toilette","no","QOG-Loe-70119","894","310","yes"
"it","B00RBQUCEU","3614270274671","https://m.media-amazon.com/images/I/51qCAJvPmRL.jpg;https://m.media-amazon.com/images/I/612yqeUa6NL.jpg;https://m.media-amazon.com/images/I/81et9O5482L.jpg;https://m.media-amazon.com/images/I/81Jaw-cwSxL.jpg;https://m.media-amazon.com/images/I/815UWf2sxVL.jpg","BIOTHERM L'Eau, Acqua Profumata e Rivitalizzante per il Corpo, Profuma e Rinfresca, Fragranza Agrumata, Arricchita con Oli Essenziali agli Agrumi, 100 ml","Biotherm","€ 37.93","€ 41.22","54942","22 %","","28 %","yes","Amazon","47523","€ 39.42","€ 42.44","0 %","3 %","4 %","8 %","€ 0.00","0 %","€ 37.93","€ 19.80","no","no","€ 56.94","5","Disponibilità immediata","€ 37.93","€ 41.79","7 %","89 %","€ 37.93","€ 41.79","0 %","0 %","0 %","9 %","€ 0.00","0 %","€ 37.93","€ 19.80","no","yes","€ 52.99","5","2","3","Amazon offer is in stock and shippable","","47 %","22 %","4","1","0","4 %","23 %","26 %","62 %","41 %","4","5","9","€ 37.93","€ 37.03","€ 38.28","€ 40.40","0 %","-3 %","-2 %","1 %","€ 0.00","0 %","€ 37.93","€ 19.80","no","no","€ 44.44","0 %","€ 4.23","15.45 %","€ 5.86","Bellezza","Lozioni e balsami per il corpo, Biotherm","Bellezza › Cura della pelle › Corpo › Idratanti › Lozioni e balsami per il corpo","no","3614270274671","1","200","yes"
"it","B0186JHARW","3145891052305","https://m.media-amazon.com/images/I/518pjqvLCmL.jpg;https://m.media-amazon.com/images/I/71xJUnrAGgL.jpg;https://m.media-amazon.com/images/I/71T6GXtDILL.jpg","Nº5 EAU PREMIERE edp","Chanel","€ 98.70","€ 103.93","22497","-110 %","","11 %","no","3rd Party (A2CMOB9SUA2SF6)","21728","€ 106.06","€ 103.53","0 %","10 %","7 %","5 %","","","","€ 65.36","no","no","€ 166.00","","Generalmente  spedito entro 6-7 giorni","","","-","100 %","","€ 92.01","","","","","","","","€ 65.36","no","no","€ 113.31","","1","1","no Amazon offer exists","","47 %","-","4","0","1","-","-","51 %","51 %","25 %","4","5","6","€ 92.00","€ 111.14","€ 104.24","€ 103.37","34 %","27 %","17 %","12 %","€ 48.80","35 %","€ 140.80","€ 65.36","no","yes","€ 160.00","2 %","€ 4.00","15.45 %","€ 15.25","Bellezza","Eau de Parfum","Bellezza › Fragranze e profumi › Donna › Eau de Parfum","no","3145891052305","155100","100","yes"
"it","B0BZD7PTMS","3614273790833","https://m.media-amazon.com/images/I/71PMJAJqUIL.jpg;https://m.media-amazon.com/images/I/518dCpOFHTL.jpg;https://m.media-amazon.com/images/I/615imhyscZL.jpg;https://m.media-amazon.com/images/I/61gORFXr-qL.jpg","Valentino Uomo Born in Roma Eau de Parfum Intense, spray - Profumo uomo","Valentino","€ 70.70","€ 70.60","85315","","","9 %","yes","Amazon","53025","€ 71.13","€ 75.80","-6 %","-6 %","1 %","0 %","€ 0.00","0 %","€ 70.70","€ 63.00","no","no","€ 139.45","","Generalmente  spedito entro 3-7 mesi","€ 70.70","€ 69.00","57 %","8 %","€ 68.65","€ 70.43","-6 %","-6 %","-3 %","-2 %","€ 0.00","0 %","€ 70.70","€ 63.00","no","no","€ 139.45","","0","1","Amazon offer is back-ordered","","57 %","67 %","3","3","3","29 %","29 %","67 %","43 %","32 %","3","6","11","€ 70.70","€ 68.65","€ 69.25","€ 75.57","-6 %","-6 %","-3 %","-2 %","€ 0.00","0 %","€ 70.70","€ 63.00","no","no","€ 123.16","0 %","€ 4.23","15.45 %","€ 10.92","Bellezza","Eau de Parfum","Bellezza › Fragranze e profumi › Uomo › Eau de Parfum","no","3614273790833","70000","150","yes"
"it","B07YDGWWPL","3614272761469","https://m.media-amazon.com/images/I/71w9oj9Wp-L.jpg;https://m.media-amazon.com/images/I/71Z7NZHSx4L.jpg;https://m.media-amazon.com/images/I/71g0R3ahHiL.jpg;https://m.media-amazon.com/images/I/71L4Bd8tzBL.jpg","Valentino Born in Rome for Men - 100 ml (confezione da 1)","Valentino","€ 78.99","€ 79.05","46914","68 %","","1 %","yes","Amazon","29357","€ 79.11","€ 81.34","0 %","0 %","0 %","0 %","€ 0.00","0 %","€ 78.99","€ 50.99","no","no","€ 95.05","5","Disponibilità immediata","€ 78.99","€ 79.05","97 %","0 %","€ 79.11","€ 81.17","0 %","0 %","0 %","0 %","€ 0.00","0 %","€ 78.99","€ 50.99","no","no","€ 93.20","5","0","0","Amazon offer is in stock and shippable","","97 %","91 %","3","1","10","67 %","58 %","91 %","67 %","58 %","2","7","9","€ 78.99","€ 78.96","€ 79.00","€ 83.02","0 %","0 %","0 %","0 %","€ 0.00","0 %","€ 78.99","€ 50.99","no","no","€ 97.50","0 %","€ 4.23","15.44 %","€ 12.20","Bellezza","Eau de Parfum, I prodotti più amati dai nostri clienti: Bellezza, Essenziali per la quotidianità: Bellezza","Bellezza › Fragranze e profumi › Uomo › Eau de Parfum","no","3614272761469","576","96","yes"
"it","B00BH4LKDY","3145891235500","https://m.media-amazon.com/images/I/51dxqnMZXFL.jpg;https://m.media-amazon.com/images/I/41+j3PEL0TL.jpg","Chanel ALLURE HOMME SPORT eau extrême spray 50 ml","Chanel","","€ 143.75","422243","-2 %","","37 %","no","","429502","€ 145.63","€ 144.02","","","","","","","","€ 99.50","no","no","€ 148.68","","","","","-","100 %","","","","","","","","","","","no","no","","","1","1","no Amazon offer exists","","40 %","-","3","","","-","-","60 %","43 %","62 %","3","3","3","","€ 140.76","€ 139.70","€ 141.76","","","","","","","","€ 93.00","no","no","€ 200.52","22 %","€ 4.23","15.45 %","-","Giochi e giocattoli","Beauty Case","Giochi e giocattoli › Giochi d'imitazione e accessori di travestimento › Beauty Case","no","71427-M2317073","","48","yes"
"it","B0B3Y28N87","3614273760164","https://m.media-amazon.com/images/I/31M+HLLjtoL.jpg;https://m.media-amazon.com/images/I/51hXh6YzZML.jpg","Prada Paradoxe edp rechargeable 90 ml","Prada","€ 113.90","€ 107.82","22553","57 %","","5 %","yes","3rd Party (A1T6CPNRVZ3UQA)","15449","€ 115.24","€ 113.59","1 %","1 %","1 %","-6 %","€ 0.00","0 %","€ 113.90","€ 94.45","no","no","€ 165.00","10","Disponibilità immediata","€ 114.00","€ 104.26","56 %","39 %","€ 114.00","€ 112.33","0 %","0 %","0 %","-9 %","€ 0.00","0 %","€ 114.00","€ 94.45","no","no","€ 145.45","","1","2","Amazon offer is back-ordered","","56 %","-","6","3","8","36 %","27 %","28 %","36 %","28 %","5","9","14","€ 113.90","€ 114.91","€ 107.85","€ 113.41","0 %","0 %","1 %","-6 %","€ 0.00","0 %","€ 113.90","€ 94.45","no","no","€ 159.00","0 %","€ 4.23","15.45 %","€ 17.60","Bellezza","Eau de Parfum, Essenziali per la quotidianità: Bellezza","Bellezza › Fragranze e profumi › Donna › Eau de Parfum","no","3614273760164","209","85","yes"
"it","B0011ZISHU","","https://m.media-amazon.com/images/I/81VzAFgUJbL.jpg;https://m.media-amazon.com/images/I/81j-NuzPfuL.jpg;https://m.media-amazon.com/images/I/81vNMX-73mL.jpg","Chance Eau De Parfum Spray 1,7 Oz","Chanel","","","","","","-","no","","","","","","","","","","","","","no","no","","","","","","-","100 %","","","","","","","","","","","no","no","","","1","1","no Amazon offer exists","","-","-","","","","-","-","-","-","-","","","","","","","","","","","","","","","","no","no","","100 %","€ 4.54","15.45 %","-","Bellezza","Eau de Parfum","Bellezza › Fragranze e profumi › Donna › Eau de Parfum","no","1","","48","yes"
"it","B09SWS4CJZ","3614273672122","https://m.media-amazon.com/images/I/71NvbfVJsBL.jpg;https://m.media-amazon.com/images/I/71W4txHPwFL.jpg;https://m.media-amazon.com/images/I/710DrVCRk1L.jpg;https://m.media-amazon.com/images/I/71DRnQJEVZL.jpg","Valentino Born In Roma Uomo Coral Fantasy eau de toilette - 50 Ml","Valentino","€ 62.00","€ 63.30","31857","47 %","","1 %","no","3rd Party (AMFLO62Y612UA)","33031","€ 63.06","€ 63.55","0 %","0 %","2 %","2 %","€ 0.00","0 %","€ 62.00","€ 55.24","no","yes","€ 80.00","91","Disponibilità immediata","€ 63.00","€ 62.99","54 %","0 %","€ 63.00","€ 63.21","0 %","0 %","0 %","0 %","€ 0.00","0 %","€ 63.00","€ 55.24","no","no","€ 84.90","","0","1","Amazon offer is back-ordered","","54 %","20 %","4","1","8","52 %","55 %","35 %","52 %","55 %","4","4","9","€ 52.00","€ 58.94","€ 60.56","€ 62.88","0 %","0 %","12 %","14 %","€ 0.00","0 %","€ 52.00","€ 51.80","no","yes","€ 74.62","0 %","€ 4.23","15.44 %","€ 9.57","Bellezza","Eau de Toilette","Bellezza › Fragranze e profumi › Uomo › Eau de Toilette","no","TT3614273672122","141","48","yes"
"it","B0011ZIXKW","","https://m.media-amazon.com/images/I/81xWP2diUTL.jpg","CHANEL Egoiste Platinum EDT Spray 3.4 Oz#","Chanel","","","","","","-","no","","","","","","","","","","","","","no","no","","","","","","-","100 %","","","","","","","","","","","no","no","","","1","1","no Amazon offer exists","","-","-","","","","-","-","-","-","-","","","","","","","","","","","","","","","","no","no","","100 %","€ 4.54","15.45 %","-","Bellezza","Eau de Toilette","Bellezza › Fragranze e profumi › Uomo › Eau de Toilette","no","","","96","yes"
"it","B07J2RKJ42","3145891235807","https://m.media-amazon.com/images/I/51phZ+QEc7L.jpg;https://m.media-amazon.com/images/I/41cnTsAWxZL.jpg;https://m.media-amazon.com/images/I/51qgZ65QAtL.jpg;https://m.media-amazon.com/images/I/71-nMiYniCL.jpg","Chanel Allure Homme Sport, Eau de Toilette, 150 ml / 5 fl oz","Chanel","","€ 172.26","58064","-39 %","","50 %","no","","55329","","€ 179.29","","","","","","","","€ 114.56","no","no","€ 269.56","","","","€ 163.45","10 %","88 %","","€ 173.05","","","","","","","","€ 116.79","no","no","€ 389.97","","1","12","no Amazon offer exists","","41 %","-","2","0","3","6 %","6 %","-","49 %","46 %","","4","6","€ 180.00","€ 180.65","€ 176.10","€ 179.76","0 %","0 %","0 %","-2 %","€ 0.00","0 %","€ 180.00","€ 109.57","no","no","€ 325.31","0 %","€ 4.23","15.45 %","-","Bellezza","Eau de Toilette","Bellezza › Fragranze e profumi › Uomo › Eau de Toilette","no","CNLPFM042","600","100","yes"
"it","B00ZRPN1EA","8447233266537, 0601000535655, 0102244051654, 0885204259702, 0885173718606, 0885112991145, 8851722297665, 0940356524648, 0070070239365, 7426956423411, 0885174930601, 0885173751795, 0783320472503, 0885310008454, 0783320901720, 0604366064432, 0881722289436, 0885442814213, 0885379837378","https://m.media-amazon.com/images/I/51XNESeJFLL.jpg;https://m.media-amazon.com/images/I/51wBnK5p7yL.jpg","Bvlgari Acqua di Colonia, Au The Blanc Edc Vapo, 75 ml","BVLGARI","€ 95.00","€ 103.05","50770","-46 %","","4 %","yes","3rd Party (A344B2ZRXYSRUN)","55085","€ 108.27","€ 102.31","15 %","19 %","12 %","8 %","€ 0.00","0 %","€ 95.00","€ 49.21","no","no","€ 136.00","","Attualmente non disponibile. Stiamo lavorando intensamente per rendere questo prodotto nuovamente disponibile il prima possibile. Completa l’ordine e ti invieremo una email con la data di consegna non appena sarà disponibile.","","","-","100 %","","","","","","","","","","€ 49.21","no","no","€ 108.99","","1","1","no Amazon offer exists","","37 %","-","10","","","-","-","33 %","19 %","13 %","7","14","15","€ 95.00","€ 104.73","€ 101.61","€ 101.71","0 %","6 %","9 %","7 %","€ 0.00","0 %","€ 95.00","€ 36.98","no","no","€ 151.86","0 %","€ 5.07","15.45 %","€ 14.68","Bellezza","Acqua di Colonia","Bellezza › Fragranze e profumi › Donna › Acqua di Colonia","no","0783320472503","80","75","yes"
"it","B0076K3UEK","3145891074604","https://m.media-amazon.com/images/I/51VQnIf8-xL.jpg;https://m.media-amazon.com/images/I/51S7QmCQqXL.jpg;https://m.media-amazon.com/images/I/51bpvKlWovL.jpg","Bleu de Chanel di Chanel - Eau de Toilette Edt - Spray 100 ml.","Chanel","","","103012","-20 %","","100 %","no","","120594","","€ 140.84","","","","","","","","€ 97.50","no","no","€ 149.90","","","","","-","100 %","","","","","","","","","","","no","no","","","1","1","no Amazon offer exists","","-","-","","0","4","-","-","-","1 %","3 %","","1","2","€ 138.00","€ 138.00","€ 138.22","€ 136.48","0 %","0 %","0 %","0 %","€ 0.00","0 %","€ 138.00","€ 84.00","no","yes","€ 178.84","0 %","€ 4.23","15.45 %","-","Bellezza","Eau de Toilette, I prodotti più amati dai nostri clienti: Bellezza","Bellezza › Fragranze e profumi › Uomo › Eau de Toilette","no","101555","","","yes"
"it","B07MFH5W4J","3145891262506","https://m.media-amazon.com/images/I/510EU9uRZDL.jpg;https://m.media-amazon.com/images/I/5196uoDd+6L.jpg;https://m.media-amazon.com/images/I/61GrrO0E4dL.jpg;https://m.media-amazon.com/images/I/41nxBhUhEqL.jpg","Chanel Chance Eau Tendre Edp Vapo 50 Ml - 50 ml","Chanel","€ 126.00","€ 126.00","85337","-15 %","","54 %","yes","3rd Party (A2NSNBQQV8PCZG)","63816","€ 126.00","€ 125.38","0 %","0 %","0 %","0 %","€ 0.00","0 %","€ 126.00","€ 89.99","no","yes","€ 152.75","16","Disponibilità immediata","","","-","100 %","","€ 119.99","","","","","","","","€ 89.99","no","no","€ 128.37","","1","1","no Amazon offer exists","","47 %","-","1","1","4","2 %","25 %","63 %","23 %","25 %","1","3","4","€ 126.00","€ 126.00","€ 129.70","€ 131.97","0 %","0 %","0 %","3 %","€ 0.00","0 %","€ 126.00","€ 89.99","no","yes","€ 145.00","0 %","€ 4.00","15.45 %","€ 19.47","Bellezza","Eau de Parfum","Bellezza › Fragranze e profumi › Donna › Eau de Parfum","no","3145891262506","600","45","yes"